,id_j,id_c,prediction,gender_c_agg_perceived_foreign_c,gender_c,agg_perceived_foreign_c,fitness_experience,fitness_education,fitness_skills,score,rank
0,1,2164,0.7776397515527942,ManNo,Man,No,0,0,0.0,0.7826086956521738,1
1,1,584,0.7776397515527942,ManYes,Man,Yes,0,0,0.3,0.7130434782608696,2
2,1,607,0.7776397515527942,ManNo,Man,No,0,0,0.2,0.7826086956521738,3
3,1,2115,0.7776397515527942,ManNo,Man,No,0,0,0.4,0.7826086956521738,4
4,1,657,0.7776397515527942,WomanNo,Woman,No,0,0,0.2,0.7826086956521738,5
5,1,648,0.6324971877210687,ManYes,Man,Yes,0,0,0.2,0.6086956521739131,6
6,1,524,0.6324971877210687,WomanNo,Woman,No,0,0,0.3,0.6832298136645962,7
7,1,621,0.6324971877210687,ManNo,Man,No,0,0,0.6,0.6956521739130435,8
8,1,685,0.6324971877210687,WomanNo,Woman,No,0,0,0.1,0.6086956521739131,9
9,1,2141,0.6324971877210687,ManNo,Man,No,0,0,0.3,0.5928853754940712,10
10,1,2142,0.6324971877210687,ManNo,Man,No,0,0,0.0,0.5928853754940712,11
11,1,611,0.6324971877210687,WomanNo,Woman,No,0,0,0.3,0.6086956521739131,12
12,1,2169,0.6324971877210687,WomanNo,Woman,No,0,0,0.3,0.6086956521739131,13
13,1,2106,0.6324971877210687,ManNo,Man,No,0,0,0.6,0.6086956521739131,14
14,1,633,0.6324971877210687,WomanNo,Woman,No,0,0,0.5,0.6335403726708074,15
15,1,633,0.6324971877210687,WomanNo,Woman,No,0,0,0.5,0.6335403726708074,16
16,1,530,0.6324971877210687,ManNo,Man,No,0,0,0.4,0.6086956521739131,17
17,1,530,0.5297953066824719,ManNo,Man,No,0,0,0.4,0.527536231884058,18
18,1,1976,0.5297953066824719,ManNo,Man,No,0,0,0.2,0.5103969754253308,19
19,1,1972,0.5297953066824719,WomanNo,Woman,No,0,0,0.2,0.5150501672240803,20
20,1,1991,0.5297953066824719,ManNo,Man,No,0,0,0.1,0.5217391304347826,21
21,1,635,0.5297953066824719,ManNo,Man,No,0,0,0.2,0.5010351966873706,22
22,1,638,0.5297953066824719,WomanNo,Woman,No,0,0,0.4,0.5043478260869565,23
23,1,637,0.5297953066824719,WomanNo,Woman,No,0,0,0.4,0.5341614906832298,24
24,1,455,0.5297953066824719,ManYes,Man,Yes,0,0,0.2,0.5043478260869565,25
25,1,518,0.5297953066824719,ManYes,Man,Yes,1,0,0.3,0.5739130434782609,26
26,1,550,0.5297953066824719,ManYes,Man,Yes,0,0,0.1,0.5341614906832298,27
27,1,638,0.5297953066824719,WomanNo,Woman,No,0,0,0.4,0.5043478260869565,28
28,1,672,0.5297953066824719,ManYes,Man,Yes,0,0,0.4,0.5341614906832298,29
29,1,661,0.5297953066824719,ManNo,Man,No,0,0,0.5,0.5341614906832298,30
30,1,659,0.5297953066824719,WomanNo,Woman,No,0,0,0.7,0.5739130434782609,31
31,1,654,0.5297953066824719,WomanNo,Woman,No,0,0,0.3,0.499194847020934,32
32,1,652,0.5297953066824719,WomanNo,Woman,No,0,0,0.2,0.499194847020934,33
33,1,541,0.5297953066824719,ManNo,Man,No,0,0,0.1,0.527536231884058,34
34,1,595,0.5297953066824719,ManNo,Man,No,0,0,0.5,0.5507246376811594,35
35,1,564,0.5297953066824719,WomanYes,Woman,Yes,0,0,0.2,0.5739130434782609,36
36,1,2047,0.5297953066824719,ManYes,Man,Yes,0,0,0.1,0.5150501672240803,37
37,1,2204,0.5297953066824719,WomanNo,Woman,No,0,0,0.2,0.5507246376811594,38
38,1,2201,0.5297953066824719,WomanNo,Woman,No,0,0,0.2,0.5043478260869565,39
39,1,2199,0.5297953066824719,WomanNo,Woman,No,0,0,0.2,0.5296442687747035,40
40,1,2196,0.5297953066824719,WomanNo,Woman,No,0,0,0.0,0.5507246376811594,41
41,1,581,0.5297953066824719,ManNo,Man,No,0,0,0.4,0.5043478260869565,42
42,1,581,0.5297953066824719,ManNo,Man,No,0,0,0.4,0.5507246376811594,43
43,1,579,0.5297953066824719,WomanNo,Woman,No,0,0,0.0,0.5507246376811594,44
44,1,349,0.5297953066824719,WomanNo,Woman,No,0,0,0.2,0.527536231884058,45
45,1,2127,0.5297953066824719,WomanNo,Woman,No,0,0,0.0,0.5093167701863354,46
46,1,359,0.5297953066824719,ManNo,Man,No,0,0,0.6,0.5150501672240803,47
47,1,2087,0.5297953066824719,ManNo,Man,No,0,0,0.2,0.5150501672240803,48
48,1,617,0.5297953066824719,WomanNo,Woman,No,0,0,0.2,0.5739130434782609,49
49,1,618,0.5297953066824719,ManYes,Man,Yes,0,0,0.3,0.5043478260869565,50
50,1,386,0.5297953066824719,ManNo,Man,No,0,0,0.4,0.527536231884058,51
51,1,392,0.5297953066824719,ManNo,Man,No,0,0,0.4,0.5217391304347826,52
52,1,2085,0.5297953066824719,WomanNo,Woman,No,0,0,0.1,0.5150501672240803,53
53,1,2052,0.5297953066824719,WomanNo,Woman,No,0,0,0.6,0.5043478260869565,54
54,1,564,0.5297953066824719,WomanYes,Woman,Yes,0,0,0.2,0.5739130434782609,55
55,1,615,0.46070811307259657,WomanNo,Woman,No,0,0,0.1,0.4596273291925465,56
56,1,625,0.46070811307259657,WomanNo,Woman,No,0,0,0.3,0.4664031620553359,57
57,1,644,0.46070811307259657,WomanNo,Woman,No,0,0,0.1,0.4844720496894409,58
58,1,638,0.46070811307259657,WomanNo,Woman,No,0,0,0.4,0.4745341614906832,59
59,1,576,0.46070811307259657,ManNo,Man,No,0,0,0.3,0.495274102079395,60
60,1,647,0.46070811307259657,WomanNo,Woman,No,0,0,0.2,0.481159420289855,61
61,1,676,0.46070811307259657,WomanNo,Woman,No,0,0,0.6,0.4904347826086956,62
62,1,2214,0.46070811307259657,ManNo,Man,No,0,0,0.2,0.4782608695652174,63
63,1,2213,0.46070811307259657,ManNo,Man,No,0,0,0.0,0.4782608695652174,64
64,1,2192,0.46070811307259657,ManNo,Man,No,0,0,0.4,0.4347826086956521,65
65,1,2191,0.46070811307259657,WomanNo,Woman,No,0,0,0.6,0.4347826086956521,66
66,1,2186,0.46070811307259657,ManNo,Man,No,0,0,0.3,0.4882943143812709,67
67,1,2162,0.46070811307259657,ManNo,Man,No,0,0,0.3,0.4882943143812709,68
68,1,2123,0.46070811307259657,ManNo,Man,No,0,0,0.2,0.4782608695652174,69
69,1,2122,0.46070811307259657,WomanNo,Woman,No,0,0,0.2,0.4782608695652174,70
70,1,2118,0.46070811307259657,WomanNo,Woman,No,0,0,0.1,0.4347826086956521,71
71,1,2112,0.46070811307259657,WomanNo,Woman,No,0,0,0.0,0.4844720496894409,72
72,1,2111,0.46070811307259657,WomanNo,Woman,No,0,0,0.6,0.4844720496894409,73
73,1,2096,0.46070811307259657,WomanNo,Woman,No,0,0,0.6,0.4347826086956521,74
74,1,2051,0.46070811307259657,WomanNo,Woman,No,0,0,0.0,0.4347826086956521,75
75,1,2044,0.46070811307259657,WomanNo,Woman,No,1,0,0.2,0.4844720496894409,76
76,1,2036,0.46070811307259657,ManYes,Man,Yes,0,0,0.1,0.4844720496894409,77
77,1,2028,0.46070811307259657,WomanNo,Woman,No,0,0,0.3,0.481159420289855,78
78,1,2005,0.46070811307259657,WomanNo,Woman,No,0,0,0.0,0.448695652173913,79
79,1,1992,0.46070811307259657,ManNo,Man,No,0,0,0.0,0.448695652173913,80
80,1,1963,0.46070811307259657,ManNo,Man,No,0,0,0.0,0.4882943143812709,81
81,1,1962,0.46070811307259657,WomanYes,Woman,Yes,0,0,0.2,0.4631765749778172,82
82,1,605,0.46070811307259657,WomanNo,Woman,No,0,0,0.3,0.4844720496894409,83
83,1,1944,0.46070811307259657,WomanNo,Woman,No,0,0,0.0,0.4347826086956521,84
84,1,1939,0.46070811307259657,ManNo,Man,No,0,0,0.2,0.4927536231884057,85
85,1,1937,0.46070811307259657,ManNo,Man,No,0,0,0.1,0.4927536231884057,86
86,1,685,0.46070811307259657,WomanNo,Woman,No,0,0,0.1,0.4713958810068649,87
87,1,1953,0.46070811307259657,WomanNo,Woman,No,0,0,0.3,0.4347826086956521,88
88,1,2215,0.46070811307259657,ManYes,Man,Yes,0,0,0.1,0.4552429667519181,89
89,1,583,0.46070811307259657,ManNo,Man,No,0,0,0.3,0.4749163879598662,90
90,1,478,0.46070811307259657,WomanNo,Woman,No,0,0,0.6,0.4347826086956521,91
91,1,471,0.46070811307259657,ManNo,Man,No,0,0,0.2,0.4347826086956521,92
92,1,466,0.46070811307259657,ManNo,Man,No,0,0,0.2,0.4347826086956521,93
93,1,464,0.46070811307259657,WomanYes,Woman,Yes,0,0,0.4,0.4347826086956521,94
94,1,455,0.46070811307259657,ManYes,Man,Yes,0,0,0.2,0.4347826086956521,95
95,1,452,0.46070811307259657,WomanNo,Woman,No,0,0,0.6,0.4347826086956521,96
96,1,446,0.46070811307259657,ManNo,Man,No,0,0,0.4,0.4347826086956521,97
97,1,442,0.46070811307259657,WomanNo,Woman,No,0,0,0.3,0.4347826086956521,98
98,1,440,0.46070811307259657,ManNo,Man,No,0,0,0.1,0.4347826086956521,99
99,1,436,0.46070811307259657,ManNo,Man,No,0,0,0.3,0.4347826086956521,100
100,1,436,0.46070811307259657,ManNo,Man,No,0,0,0.3,0.4347826086956521,101
101,1,422,0.46070811307259657,ManNo,Man,No,0,0,0.4,0.3478260869565217,102
102,1,418,0.46070811307259657,ManNo,Man,No,0,0,0.6,0.4347826086956521,103
103,1,417,0.46070811307259657,WomanYes,Woman,Yes,0,0,0.1,0.4927536231884057,104
104,1,415,0.46070811307259657,ManNo,Man,No,0,0,0.3,0.4927536231884057,105
105,1,415,0.46070811307259657,ManNo,Man,No,0,0,0.3,0.4347826086956521,106
106,1,408,0.46070811307259657,WomanNo,Woman,No,0,0,0.3,0.4347826086956521,107
107,1,401,0.46070811307259657,ManNo,Man,No,0,0,0.1,0.4347826086956521,108
108,1,392,0.46070811307259657,ManNo,Man,No,0,0,0.4,0.4347826086956521,109
109,1,386,0.46070811307259657,ManNo,Man,No,0,0,0.4,0.4782608695652174,110
110,1,364,0.46070811307259657,WomanNo,Woman,No,0,0,0.4,0.4347826086956521,111
111,1,349,0.46070811307259657,WomanNo,Woman,No,0,0,0.2,0.4695652173913043,112
112,1,472,0.46070811307259657,WomanYes,Woman,Yes,0,0,0.1,0.4347826086956521,113
113,1,437,0.46070811307259657,WomanNo,Woman,No,0,0,0.2,0.4347826086956521,114
114,1,479,0.46070811307259657,WomanNo,Woman,No,0,0,0.1,0.4347826086956521,115
115,1,510,0.46070811307259657,ManNo,Man,No,0,0,0.3,0.4801512287334593,116
116,1,575,0.46070811307259657,ManNo,Man,No,0,0,0.4,0.4882943143812709,117
117,1,573,0.46070811307259657,ManNo,Man,No,0,0,0.2,0.4882943143812709,118
118,1,569,0.46070811307259657,WomanNo,Woman,No,0,0,0.5,0.4749163879598662,119
119,1,569,0.46070811307259657,WomanNo,Woman,No,0,0,0.5,0.4552429667519181,120
120,1,569,0.46070811307259657,WomanNo,Woman,No,0,0,0.5,0.4927536231884057,121
121,1,483,0.46070811307259657,ManNo,Man,No,0,0,0.2,0.4447204968944099,122
122,1,539,0.46070811307259657,ManNo,Man,No,0,0,0.2,0.4347826086956521,123
123,1,539,0.46070811307259657,ManNo,Man,No,0,0,0.2,0.4859335038363171,124
124,1,529,0.46070811307259657,ManNo,Man,No,0,0,0.3,0.4707646176911544,125
125,1,524,0.46070811307259657,WomanNo,Woman,No,0,0,0.3,0.4347826086956521,126
126,1,568,0.46070811307259657,WomanNo,Woman,No,0,0,0.2,0.4927536231884057,127
127,1,507,0.46070811307259657,WomanNo,Woman,No,0,0,0.6,0.4347826086956521,128
128,1,503,0.46070811307259657,ManNo,Man,No,0,0,0.4,0.4347826086956521,129
129,1,486,0.46070811307259657,WomanNo,Woman,No,0,0,0.3,0.4347826086956521,130
130,1,486,0.46070811307259657,WomanNo,Woman,No,0,0,0.3,0.4347826086956521,131
131,1,494,0.46070811307259657,WomanNo,Woman,No,0,0,0.2,0.4347826086956521,132
132,1,495,0.46070811307259657,WomanNo,Woman,No,0,0,0.2,0.4347826086956521,133
133,1,502,0.46070811307259657,WomanNo,Woman,No,0,0,0.3,0.4347826086956521,134
134,1,491,0.46070811307259657,ManNo,Man,No,1,0,0.4,0.4347826086956521,135
135,1,335,0.15098814229249008,ManNo,Man,No,0,0,0.5,0.1391304347826087,136
136,1,511,0.15098814229249008,WomanNo,Woman,No,0,0,0.3,0.1304347826086956,137
137,1,345,0.09766523331740719,ManNo,Man,No,0,0,0.2,0.1159420289855072,138
138,1,431,0.09766523331740719,ManNo,Man,No,0,0,0.4,0.0839580209895052,139
139,1,1990,0.09766523331740719,ManNo,Man,No,0,0,0.1,0.0869565217391304,140
140,1,2046,0.09766523331740719,WomanNo,Woman,No,0,0,0.3,0.0802675585284281,141
141,1,421,0.09766523331740719,ManYes,Man,Yes,0,0,0.2,0.1070234113712374,142
142,1,395,0.05109043414160322,WomanNo,Woman,No,0,0,0.5,0.0347826086956521,143
143,1,333,0.05109043414160322,WomanNo,Woman,No,0,0,0.4,0.0302457466918714,144
144,1,318,0.05109043414160322,WomanNo,Woman,No,0,0,0.5,0.0347826086956521,145
145,1,426,0.05109043414160322,ManNo,Man,No,0,0,0.4,0.0463768115942029,146
146,1,346,0.05109043414160322,ManYes,Man,Yes,0,0,0.4,0.0326086956521739,147
147,1,2153,0.05109043414160322,ManNo,Man,No,1,0,0.1,0.0535117056856187,148
148,1,346,0.05109043414160322,ManYes,Man,Yes,0,0,0.4,0.0496894409937888,149
149,1,333,0.05109043414160322,WomanNo,Woman,No,0,0,0.4,0.0302457466918714,150
150,1,342,0.05109043414160322,WomanYes,Woman,Yes,0,0,0.4,0.072463768115942,151
151,1,352,0.05109043414160322,ManYes,Man,Yes,0,0,0.1,0.0496894409937888,152
152,1,334,0.007808566925692021,WomanNo,Woman,No,0,0,0.2,0.0,153
153,1,329,0.007808566925692021,WomanNo,Woman,No,0,0,0.4,0.0248447204968944,154
154,1,334,0.007808566925692021,WomanNo,Woman,No,0,0,0.2,0.0204603580562659,155
155,1,1943,0.007808566925692021,ManNo,Man,No,0,0,0.6,0.0,156
156,1,342,0.007808566925692021,WomanYes,Woman,Yes,0,0,0.4,0.0,157
157,1,346,0.007808566925692021,ManYes,Man,Yes,0,0,0.4,0.0248447204968944,158
158,1,386,0.007808566925692021,ManNo,Man,No,0,0,0.4,0.0,159
159,1,314,0.007808566925692021,ManNo,Man,No,0,0,0.0,0.0,160
160,1,422,0.007808566925692021,ManNo,Man,No,0,0,0.4,0.0231884057971014,161
161,1,313,0.007808566925692021,ManNo,Man,No,0,0,0.2,0.0222016651248843,162
162,2,1277,0.7776397515527942,ManNo,Man,No,0,0,0.75,0.7826086956521738,1
163,2,780,0.7776397515527942,ManNo,Man,No,0,0,0.0,0.7826086956521738,2
164,2,776,0.7776397515527942,ManNo,Man,No,0,0,0.125,0.7826086956521738,3
165,2,1893,0.7776397515527942,WomanNo,Woman,No,0,0,0.125,0.7826086956521738,4
166,2,819,0.7776397515527942,ManNo,Man,No,0,0,0.375,0.7826086956521738,5
167,2,1637,0.7776397515527942,ManYes,Man,Yes,0,0,0.375,0.7826086956521738,6
168,2,1902,0.7776397515527942,WomanNo,Woman,No,0,0,0.375,0.7826086956521738,7
169,2,1888,0.7776397515527942,ManNo,Man,No,0,0,0.125,0.7826086956521738,8
170,2,1233,0.7776397515527942,ManYes,Man,Yes,0,0,0.5,0.7826086956521738,9
171,2,841,0.7776397515527942,ManNo,Man,No,0,0,0.375,0.7826086956521738,10
172,2,1265,0.7776397515527942,ManNo,Man,No,0,0,0.25,0.7826086956521738,11
173,2,1271,0.7776397515527942,ManYes,Man,Yes,1,0,0.125,0.7826086956521738,12
174,2,1271,0.7776397515527942,ManYes,Man,Yes,1,0,0.125,0.7826086956521738,13
175,2,853,0.7776397515527942,ManNo,Man,No,0,0,0.375,0.7826086956521738,14
176,2,1208,0.7776397515527942,WomanNo,Woman,No,0,0,0.875,0.7826086956521738,15
177,2,1850,0.7776397515527942,WomanNo,Woman,No,1,0,0.0,0.7826086956521738,16
178,2,778,0.7776397515527942,WomanNo,Woman,No,0,0,0.625,0.7826086956521738,17
179,2,1142,0.7776397515527942,ManNo,Man,No,0,0,0.125,0.7826086956521738,18
180,2,1441,0.7776397515527942,WomanNo,Woman,No,0,0,0.125,0.7826086956521738,19
181,2,1382,0.7776397515527942,ManNo,Man,No,0,0,0.75,0.7826086956521738,20
182,2,1132,0.7776397515527942,ManNo,Man,No,1,0,0.375,0.7826086956521738,21
183,2,1383,0.7776397515527942,WomanNo,Woman,No,1,0,0.125,0.7826086956521738,22
184,2,712,0.7776397515527942,WomanNo,Woman,No,0,0,0.875,0.7826086956521738,23
185,2,893,0.7776397515527942,ManYes,Man,Yes,0,0,0.75,0.7826086956521738,24
186,2,1761,0.7776397515527942,ManNo,Man,No,1,0,0.375,0.7826086956521738,25
187,2,969,0.7776397515527942,WomanNo,Woman,No,0,0,0.0,0.7130434782608696,26
188,2,972,0.7776397515527942,ManNo,Man,No,0,0,0.5,0.7130434782608696,27
189,2,1176,0.7776397515527942,WomanNo,Woman,No,0,0,0.375,0.7826086956521738,28
190,2,1224,0.6324971877210687,WomanYes,Woman,Yes,0,0,0.375,0.6434782608695652,29
191,2,1715,0.6324971877210687,WomanNo,Woman,No,0,0,0.125,0.6666666666666666,30
192,2,818,0.6324971877210687,ManNo,Man,No,0,0,0.5,0.5953177257525084,31
193,2,817,0.6324971877210687,WomanNo,Woman,No,0,0,0.125,0.5953177257525084,32
194,2,1702,0.6324971877210687,WomanNo,Woman,No,0,0,0.125,0.6086956521739131,33
195,2,1211,0.6324971877210687,WomanYes,Woman,Yes,0,0,0.0,0.6086956521739131,34
196,2,1011,0.6324971877210687,ManNo,Man,No,0,0,0.375,0.6086956521739131,35
197,2,825,0.6324971877210687,WomanNo,Woman,No,0,0,0.125,0.6086956521739131,36
198,2,1102,0.6324971877210687,WomanNo,Woman,No,0,0,0.375,0.6086956521739131,37
199,2,1668,0.6324971877210687,ManNo,Man,No,0,0,0.375,0.6434782608695652,38
200,2,1876,0.6324971877210687,WomanNo,Woman,No,0,0,0.0,0.6434782608695652,39
201,2,1106,0.6324971877210687,WomanNo,Woman,No,0,0,0.125,0.6086956521739131,40
202,2,1724,0.6324971877210687,ManNo,Man,No,1,0,0.25,0.6086956521739131,41
203,2,901,0.6324971877210687,WomanNo,Woman,No,0,0,0.375,0.6086956521739131,42
204,2,1202,0.6324971877210687,WomanNo,Woman,No,0,0,0.75,0.6086956521739131,43
205,2,1202,0.6324971877210687,WomanNo,Woman,No,0,0,0.75,0.6086956521739131,44
206,2,1011,0.6324971877210687,ManNo,Man,No,0,0,0.375,0.6086956521739131,45
207,2,1199,0.6324971877210687,ManNo,Man,No,0,0,0.75,0.6086956521739131,46
208,2,1459,0.6324971877210687,ManYes,Man,Yes,1,0,0.125,0.6086956521739131,47
209,2,807,0.6324971877210687,ManNo,Man,No,0,0,0.75,0.6086956521739131,48
210,2,1059,0.6324971877210687,ManNo,Man,No,1,0,0.0,0.6666666666666666,49
211,2,702,0.6324971877210687,ManNo,Man,No,0,0,0.125,0.6666666666666666,50
212,2,1168,0.6324971877210687,ManNo,Man,No,0,0,0.125,0.6832298136645962,51
213,2,1385,0.6324971877210687,WomanNo,Woman,No,1,0,0.125,0.6666666666666666,52
214,2,712,0.6324971877210687,WomanNo,Woman,No,0,0,0.875,0.6086956521739131,53
215,2,720,0.6324971877210687,ManNo,Man,No,0,0,0.0,0.6086956521739131,54
216,2,721,0.6324971877210687,ManNo,Man,No,0,0,0.375,0.6086956521739131,55
217,2,1275,0.6324971877210687,ManNo,Man,No,0,0,0.5,0.6086956521739131,56
218,2,738,0.6324971877210687,WomanYes,Woman,Yes,0,0,0.5,0.6086956521739131,57
219,2,1089,0.6324971877210687,ManNo,Man,No,0,0,0.625,0.6086956521739131,58
220,2,1685,0.6324971877210687,WomanNo,Woman,No,0,0,0.0,0.6956521739130435,59
221,2,1447,0.6324971877210687,WomanNo,Woman,No,0,0,0.0,0.6086956521739131,60
222,2,956,0.6324971877210687,WomanNo,Woman,No,0,0,0.25,0.5893719806763285,61
223,2,1092,0.6324971877210687,ManNo,Man,No,0,0,0.375,0.6086956521739131,62
224,2,1172,0.6324971877210687,WomanNo,Woman,No,0,0,0.125,0.6434782608695652,63
225,2,1421,0.6324971877210687,ManNo,Man,No,0,0,0.375,0.6086956521739131,64
226,2,1651,0.6324971877210687,WomanNo,Woman,No,0,0,0.875,0.6666666666666666,65
227,2,1426,0.6324971877210687,ManYes,Man,Yes,0,0,0.0,0.6521739130434783,66
228,2,1605,0.6324971877210687,WomanNo,Woman,No,0,0,0.125,0.6086956521739131,67
229,2,1741,0.5297953066824719,ManNo,Man,No,0,0,0.125,0.4956521739130434,68
230,2,1749,0.5297953066824719,ManNo,Man,No,0,0,0.0,0.5652173913043478,69
231,2,1142,0.5297953066824719,ManNo,Man,No,0,0,0.125,0.5043478260869565,70
232,2,1757,0.5297953066824719,ManYes,Man,Yes,0,0,0.25,0.5217391304347826,71
233,2,1102,0.5297953066824719,WomanNo,Woman,No,0,0,0.375,0.5507246376811594,72
234,2,1120,0.5297953066824719,ManNo,Man,No,0,0,0.25,0.5739130434782609,73
235,2,1115,0.5297953066824719,ManNo,Man,No,0,0,0.125,0.5150501672240803,74
236,2,1113,0.5297953066824719,ManNo,Man,No,0,0,0.125,0.5217391304347826,75
237,2,1104,0.5297953066824719,ManNo,Man,No,0,0,0.75,0.5217391304347826,76
238,2,1658,0.5297953066824719,WomanNo,Woman,No,0,0,0.125,0.5217391304347826,77
239,2,1763,0.5297953066824719,WomanYes,Woman,Yes,0,0,0.375,0.5507246376811594,78
240,2,1092,0.5297953066824719,ManNo,Man,No,0,0,0.375,0.5739130434782609,79
241,2,1092,0.5297953066824719,ManNo,Man,No,0,0,0.375,0.5341614906832298,80
242,2,1769,0.5297953066824719,ManNo,Man,No,1,0,0.125,0.5249597423510467,81
243,2,1083,0.5297953066824719,WomanNo,Woman,No,0,0,0.25,0.5296442687747035,82
244,2,1083,0.5297953066824719,WomanNo,Woman,No,0,0,0.25,0.4980237154150198,83
245,2,1082,0.5297953066824719,ManNo,Man,No,0,0,0.125,0.5296442687747035,84
246,2,1081,0.5297953066824719,WomanNo,Woman,No,0,0,0.25,0.5296442687747035,85
247,2,1642,0.5297953066824719,WomanNo,Woman,No,0,0,0.125,0.5341614906832298,86
248,2,1446,0.5297953066824719,WomanNo,Woman,No,0,0,0.0,0.5,87
249,2,1665,0.5297953066824719,ManNo,Man,No,0,0,0.125,0.5217391304347826,88
250,2,1161,0.5297953066824719,WomanNo,Woman,No,0,0,0.875,0.5652173913043478,89
251,2,1262,0.5297953066824719,WomanNo,Woman,No,1,0,0.25,0.5043478260869565,90
252,2,1229,0.5297953066824719,WomanNo,Woman,No,0,0,0.375,0.5590062111801242,91
253,2,1705,0.5297953066824719,WomanNo,Woman,No,1,0,0.375,0.4961636828644501,92
254,2,1244,0.5297953066824719,WomanYes,Woman,Yes,0,0,0.25,0.5575447570332481,93
255,2,1697,0.5297953066824719,ManNo,Man,No,0,0,0.25,0.5341614906832298,94
256,2,1696,0.5297953066824719,WomanYes,Woman,Yes,0,0,0.0,0.5507246376811594,95
257,2,1262,0.5297953066824719,WomanNo,Woman,No,1,0,0.25,0.5,96
258,2,1410,0.5297953066824719,WomanYes,Woman,Yes,0,0,0.0,0.5391304347826087,97
259,2,1736,0.5297953066824719,ManNo,Man,No,0,0,0.875,0.5507246376811594,98
260,2,1277,0.5297953066824719,ManNo,Man,No,0,0,0.75,0.5446224256292906,99
261,2,1279,0.5297953066824719,WomanNo,Woman,No,1,0,0.25,0.5446224256292906,100
262,2,1680,0.5297953066824719,ManNo,Man,No,0,0,0.125,0.5507246376811594,101
263,2,1389,0.5297953066824719,ManNo,Man,No,0,0,0.375,0.5120772946859903,102
264,2,1409,0.5297953066824719,WomanNo,Woman,No,1,0,0.125,0.5739130434782609,103
265,2,1676,0.5297953066824719,ManNo,Man,No,0,0,0.5,0.5043478260869565,104
266,2,1706,0.5297953066824719,ManNo,Man,No,1,0,0.125,0.5507246376811594,105
267,2,1429,0.5297953066824719,ManNo,Man,No,1,0,0.0,0.5838509316770186,106
268,2,1226,0.5297953066824719,WomanNo,Woman,No,0,0,0.125,0.5838509316770186,107
269,2,1432,0.5297953066824719,WomanNo,Woman,No,0,0,0.375,0.5507246376811594,108
270,2,1219,0.5297953066824719,ManNo,Man,No,0,0,0.125,0.5296442687747035,109
271,2,1468,0.5297953066824719,ManNo,Man,No,0,0,0.375,0.5217391304347826,110
272,2,1720,0.5297953066824719,ManNo,Man,No,0,0,1.0,0.5391304347826087,111
273,2,1205,0.5297953066824719,ManNo,Man,No,0,0,0.5,0.5575447570332481,112
274,2,1721,0.5297953066824719,WomanNo,Woman,No,0,0,0.375,0.5217391304347826,113
275,2,1195,0.5297953066824719,WomanNo,Woman,No,0,0,0.75,0.5093167701863354,114
276,2,1195,0.5297953066824719,WomanNo,Woman,No,0,0,0.75,0.5093167701863354,115
277,2,1184,0.5297953066824719,ManYes,Man,Yes,0,0,0.375,0.5217391304347826,116
278,2,1183,0.5297953066824719,ManNo,Man,No,0,0,0.25,0.5043478260869565,117
279,2,1729,0.5297953066824719,WomanYes,Woman,Yes,0,0,0.125,0.4980237154150198,118
280,2,1175,0.5297953066824719,WomanNo,Woman,No,0,0,0.0,0.5217391304347826,119
281,2,1660,0.5297953066824719,ManNo,Man,No,0,0,0.125,0.5043478260869565,120
282,2,1731,0.5297953066824719,WomanNo,Woman,No,0,0,0.0,0.5043478260869565,121
283,2,1074,0.5297953066824719,WomanNo,Woman,No,0,0,0.625,0.4980237154150198,122
284,2,1405,0.5297953066824719,ManNo,Man,No,1,0,0.75,0.5,123
285,2,1784,0.5297953066824719,WomanNo,Woman,No,0,0,0.25,0.5120772946859903,124
286,2,1607,0.5297953066824719,WomanNo,Woman,No,0,0,0.875,0.5652173913043478,125
287,2,1541,0.5297953066824719,ManNo,Man,No,0,0,0.25,0.5507246376811594,126
288,2,1878,0.5297953066824719,ManNo,Man,No,0,0,0.25,0.5043478260869565,127
289,2,1540,0.5297953066824719,WomanNo,Woman,No,0,0,0.0,0.5217391304347826,128
290,2,819,0.5297953066824719,ManNo,Man,No,0,0,0.375,0.568561872909699,129
291,2,1533,0.5297953066824719,WomanNo,Woman,No,1,0,0.25,0.5043478260869565,130
292,2,1526,0.5297953066824719,ManNo,Man,No,0,0,0.0,0.5507246376811594,131
293,2,1520,0.5297953066824719,ManNo,Man,No,0,0,0.125,0.5391304347826087,132
294,2,1856,0.5297953066824719,ManNo,Man,No,0,0,0.625,0.5507246376811594,133
295,2,1617,0.5297953066824719,WomanNo,Woman,No,0,0,0.25,0.5652173913043478,134
296,2,870,0.5297953066824719,ManNo,Man,No,0,0,0.0,0.5418060200668896,135
297,2,1513,0.5297953066824719,ManNo,Man,No,0,0,0.0,0.5217391304347826,136
298,2,1839,0.5297953066824719,WomanNo,Woman,No,1,0,0.625,0.5150501672240803,137
299,2,901,0.5297953066824719,WomanNo,Woman,No,0,0,0.375,0.5507246376811594,138
300,2,1836,0.5297953066824719,ManNo,Man,No,0,0,0.25,0.5120772946859903,139
301,2,1624,0.5297953066824719,WomanNo,Woman,No,0,0,0.0,0.5217391304347826,140
302,2,917,0.5297953066824719,WomanNo,Woman,No,0,0,0.125,0.5,141
303,2,1503,0.5297953066824719,ManNo,Man,No,0,0,0.625,0.5391304347826087,142
304,2,1608,0.5297953066824719,WomanNo,Woman,No,0,0,0.0,0.527536231884058,143
305,2,788,0.5297953066824719,ManNo,Man,No,0,0,0.125,0.5093167701863354,144
306,2,943,0.5297953066824719,WomanNo,Woman,No,0,0,0.5,0.5590062111801242,145
307,2,1887,0.5297953066824719,ManNo,Man,No,0,0,0.625,0.5043478260869565,146
308,2,1929,0.5297953066824719,ManYes,Man,Yes,1,0,0.875,0.5,147
309,2,696,0.5297953066824719,WomanNo,Woman,No,0,0,0.0,0.5507246376811594,148
310,2,700,0.5297953066824719,WomanYes,Woman,Yes,0,0,0.25,0.5217391304347826,149
311,2,1926,0.5297953066824719,ManNo,Man,No,0,0,0.0,0.5175983436853002,150
312,2,714,0.5297953066824719,WomanNo,Woman,No,0,0,0.5,0.5217391304347826,151
313,2,1594,0.5297953066824719,ManNo,Man,No,0,0,0.0,0.5085638998682477,152
314,2,1918,0.5297953066824719,WomanYes,Woman,Yes,0,0,0.375,0.4980237154150198,153
315,2,737,0.5297953066824719,ManNo,Man,No,0,0,0.75,0.5138339920948617,154
316,2,1595,0.5297953066824719,WomanNo,Woman,No,0,0,0.0,0.5138339920948617,155
317,2,749,0.5297953066824719,WomanNo,Woman,No,0,0,0.5,0.5314009661835749,156
318,2,755,0.5297953066824719,WomanYes,Woman,Yes,0,0,0.75,0.5418060200668896,157
319,2,759,0.5297953066824719,ManNo,Man,No,0,0,0.875,0.4980237154150198,158
320,2,761,0.5297953066824719,WomanNo,Woman,No,1,0,0.125,0.5341614906832298,159
321,2,765,0.5297953066824719,WomanNo,Woman,No,1,0,0.25,0.5652173913043478,160
322,2,1900,0.5297953066824719,ManNo,Man,No,0,0,0.375,0.4961636828644501,161
323,2,767,0.5297953066824719,ManNo,Man,No,0,0,0.25,0.5341614906832298,162
324,2,781,0.5297953066824719,WomanNo,Woman,No,0,0,0.625,0.5043478260869565,163
325,2,1827,0.5297953066824719,WomanNo,Woman,No,0,0,0.25,0.5043478260869565,164
326,2,1508,0.5297953066824719,ManNo,Man,No,1,0,0.375,0.5182608695652173,165
327,2,945,0.5297953066824719,WomanNo,Woman,No,1,0,0.5,0.5341614906832298,166
328,2,1817,0.5297953066824719,ManNo,Man,No,0,0,0.5,0.5133239831697054,167
329,2,999,0.5297953066824719,ManNo,Man,No,0,0,0.75,0.5341614906832298,168
330,2,948,0.5297953066824719,WomanNo,Woman,No,0,0,0.5,0.5590062111801242,169
331,2,1811,0.5297953066824719,WomanNo,Woman,No,1,0,0.125,0.5043478260869565,170
332,2,1628,0.5297953066824719,ManNo,Man,No,0,0,0.0,0.5043478260869565,171
333,2,1006,0.5297953066824719,ManNo,Man,No,0,0,0.125,0.5612648221343873,172
334,2,1632,0.5297953066824719,ManYes,Man,Yes,0,0,0.375,0.5120772946859903,173
335,2,1633,0.5297953066824719,WomanNo,Woman,No,1,0,0.125,0.5263157894736842,174
336,2,1013,0.5297953066824719,ManYes,Man,Yes,0,0,0.75,0.5838509316770186,175
337,2,1794,0.5297953066824719,WomanYes,Woman,Yes,0,0,0.375,0.5103969754253308,176
338,2,1401,0.5297953066824719,ManNo,Man,No,1,0,0.25,0.5,177
339,2,1024,0.5297953066824719,ManNo,Man,No,0,0,0.375,0.5838509316770186,178
340,2,1028,0.5297953066824719,ManNo,Man,No,0,0,0.25,0.5341614906832298,179
341,2,1032,0.5297953066824719,WomanNo,Woman,No,0,0,0.25,0.5507246376811594,180
342,2,1034,0.5297953066824719,WomanNo,Woman,No,0,0,0.125,0.5434782608695652,181
343,2,1038,0.5297953066824719,WomanNo,Woman,No,0,0,0.75,0.5341614906832298,182
344,2,1043,0.5297953066824719,ManYes,Man,Yes,0,0,0.0,0.5418060200668896,183
345,2,1050,0.5297953066824719,WomanNo,Woman,No,0,0,0.25,0.499194847020934,184
346,2,999,0.5297953066824719,ManNo,Man,No,0,0,0.75,0.5507246376811594,185
347,2,1493,0.5297953066824719,WomanNo,Woman,No,0,0,0.625,0.4961636828644501,186
348,2,978,0.5297953066824719,ManNo,Man,No,0,0,0.5,0.5043478260869565,187
349,2,963,0.5297953066824719,ManNo,Man,No,0,0,0.5,0.5093167701863354,188
350,2,959,0.5297953066824719,ManNo,Man,No,0,0,0.375,0.4988558352402745,189
351,2,974,0.5297953066824719,WomanNo,Woman,No,1,0,0.25,0.5263157894736842,190
352,2,991,0.5297953066824719,ManNo,Man,No,0,0,0.375,0.499194847020934,191
353,2,1819,0.5297953066824719,ManNo,Man,No,0,0,0.125,0.4980237154150198,192
354,2,980,0.5297953066824719,WomanNo,Woman,No,0,0,0.625,0.5067466266866567,193
355,2,981,0.5297953066824719,ManNo,Man,No,1,0,0.125,0.5507246376811594,194
356,2,985,0.5297953066824719,WomanNo,Woman,No,0,0,0.625,0.5507246376811594,195
357,2,985,0.5297953066824719,WomanNo,Woman,No,0,0,0.625,0.5120772946859903,196
358,2,949,0.5297953066824719,WomanNo,Woman,No,0,0,0.625,0.5341614906832298,197
359,2,990,0.5297953066824719,WomanNo,Woman,No,0,0,0.25,0.5120772946859903,198
360,2,963,0.5297953066824719,ManNo,Man,No,0,0,0.5,0.5093167701863354,199
361,2,1587,0.46070811307259657,ManNo,Man,No,0,0,0.625,0.4725897920604914,200
362,2,1662,0.46070811307259657,WomanNo,Woman,No,0,0,0.125,0.491186839012926,201
363,2,1627,0.46070811307259657,WomanNo,Woman,No,0,0,0.25,0.481159420289855,202
364,2,1649,0.46070811307259657,ManNo,Man,No,0,0,0.125,0.4757033248081841,203
365,2,1589,0.46070811307259657,ManNo,Man,No,0,0,0.0,0.4749163879598662,204
366,2,1641,0.46070811307259657,WomanNo,Woman,No,0,0,0.25,0.4844720496894409,205
367,2,1639,0.46070811307259657,WomanNo,Woman,No,1,0,0.0,0.4844720496894409,206
368,2,1670,0.46070811307259657,WomanNo,Woman,No,0,0,0.0,0.4615384615384615,207
369,2,1598,0.46070811307259657,ManNo,Man,No,0,0,0.125,0.4347826086956521,208
370,2,1599,0.46070811307259657,WomanNo,Woman,No,0,0,0.125,0.4347826086956521,209
371,2,1672,0.46070811307259657,ManNo,Man,No,0,0,0.0,0.4904347826086956,210
372,2,1621,0.46070811307259657,ManNo,Man,No,0,0,0.125,0.4347826086956521,211
373,2,1602,0.46070811307259657,WomanNo,Woman,No,1,0,0.125,0.4347826086956521,212
374,2,1630,0.46070811307259657,WomanNo,Woman,No,0,0,0.375,0.4347826086956521,213
375,2,1604,0.46070811307259657,WomanYes,Woman,Yes,0,0,0.125,0.4347826086956521,214
376,2,1616,0.46070811307259657,WomanNo,Woman,No,0,0,0.125,0.4596273291925465,215
377,2,1609,0.46070811307259657,WomanNo,Woman,No,1,0,0.0,0.4546583850931677,216
378,2,1653,0.46070811307259657,WomanNo,Woman,No,1,0,0.125,0.4347826086956521,217
379,2,1635,0.46070811307259657,ManNo,Man,No,0,0,0.25,0.4347826086956521,218
380,2,686,0.46070811307259657,WomanNo,Woman,No,0,0,0.25,0.4844720496894409,219
381,2,1674,0.46070811307259657,WomanNo,Woman,No,0,0,0.375,0.4782608695652174,220
382,2,1869,0.46070811307259657,ManNo,Man,No,0,0,0.0,0.4855072463768116,221
383,2,1814,0.46070811307259657,ManNo,Man,No,1,0,0.125,0.4927536231884057,222
384,2,1825,0.46070811307259657,WomanNo,Woman,No,0,0,0.75,0.4782608695652174,223
385,2,1829,0.46070811307259657,WomanNo,Woman,No,0,0,0.0,0.4347826086956521,224
386,2,1832,0.46070811307259657,WomanNo,Woman,No,0,0,0.125,0.4782608695652174,225
387,2,1833,0.46070811307259657,ManNo,Man,No,0,0,0.625,0.4834782608695652,226
388,2,1841,0.46070811307259657,ManNo,Man,No,0,0,0.125,0.4844720496894409,227
389,2,1844,0.46070811307259657,ManNo,Man,No,0,0,0.25,0.4927536231884057,228
390,2,1846,0.46070811307259657,WomanNo,Woman,No,1,0,0.0,0.4347826086956521,229
391,2,1858,0.46070811307259657,ManNo,Man,No,0,0,0.125,0.4822134387351778,230
392,2,1860,0.46070811307259657,WomanNo,Woman,No,0,0,0.5,0.4897025171624714,231
393,2,1862,0.46070811307259657,WomanNo,Woman,No,0,0,0.5,0.4347826086956521,232
394,2,1864,0.46070811307259657,WomanYes,Woman,Yes,0,0,0.5,0.4347826086956521,233
395,2,1873,0.46070811307259657,WomanNo,Woman,No,0,0,0.0,0.4626086956521739,234
396,2,1678,0.46070811307259657,WomanNo,Woman,No,0,0,0.875,0.4347826086956521,235
397,2,1879,0.46070811307259657,WomanNo,Woman,No,0,0,0.125,0.463768115942029,236
398,2,1881,0.46070811307259657,WomanNo,Woman,No,0,0,0.125,0.4927536231884057,237
399,2,1883,0.46070811307259657,WomanNo,Woman,No,0,0,0.375,0.4347826086956521,238
400,2,1884,0.46070811307259657,WomanYes,Woman,Yes,0,0,0.375,0.463768115942029,239
401,2,1896,0.46070811307259657,WomanNo,Woman,No,0,0,0.375,0.4664031620553359,240
402,2,1903,0.46070811307259657,ManNo,Man,No,0,0,0.25,0.4844720496894409,241
403,2,1908,0.46070811307259657,WomanNo,Woman,No,0,0,0.125,0.4650283553875236,242
404,2,1909,0.46070811307259657,ManNo,Man,No,0,0,0.125,0.4927536231884057,243
405,2,1910,0.46070811307259657,ManNo,Man,No,1,0,0.125,0.4347826086956521,244
406,2,1921,0.46070811307259657,WomanNo,Woman,No,0,0,0.5,0.4734299516908212,245
407,2,1923,0.46070811307259657,ManNo,Man,No,1,0,0.125,0.4347826086956521,246
408,2,1927,0.46070811307259657,WomanNo,Woman,No,0,0,0.125,0.4782608695652174,247
409,2,1807,0.46070811307259657,ManNo,Man,No,0,0,0.375,0.4347826086956521,248
410,2,1806,0.46070811307259657,ManNo,Man,No,0,0,0.125,0.4734299516908212,249
411,2,1804,0.46070811307259657,WomanNo,Woman,No,0,0,0.375,0.4347826086956521,250
412,2,1801,0.46070811307259657,WomanNo,Woman,No,1,0,0.125,0.4347826086956521,251
413,2,1683,0.46070811307259657,ManNo,Man,No,1,0,0.375,0.4782608695652174,252
414,2,1690,0.46070811307259657,ManNo,Man,No,0,0,0.875,0.4782608695652174,253
415,2,1699,0.46070811307259657,WomanNo,Woman,No,1,0,0.125,0.4855072463768116,254
416,2,1704,0.46070811307259657,ManNo,Man,No,0,0,0.5,0.4347826086956521,255
417,2,1712,0.46070811307259657,WomanNo,Woman,No,1,0,0.125,0.4844720496894409,256
418,2,1714,0.46070811307259657,ManNo,Man,No,0,0,0.125,0.4347826086956521,257
419,2,1716,0.46070811307259657,WomanNo,Woman,No,1,0,0.25,0.4734299516908212,258
420,2,1717,0.46070811307259657,WomanNo,Woman,No,1,0,0.375,0.4347826086956521,259
421,2,1719,0.46070811307259657,ManNo,Man,No,0,0,0.875,0.4347826086956521,260
422,2,1726,0.46070811307259657,WomanNo,Woman,No,0,0,0.125,0.4347826086956521,261
423,2,1730,0.46070811307259657,ManNo,Man,No,1,0,0.25,0.4347826086956521,262
424,2,1733,0.46070811307259657,WomanNo,Woman,No,0,0,0.5,0.4734299516908212,263
425,2,1737,0.46070811307259657,WomanNo,Woman,No,0,0,0.25,0.4844720496894409,264
426,2,1738,0.46070811307259657,WomanNo,Woman,No,1,0,0.125,0.4347826086956521,265
427,2,1740,0.46070811307259657,WomanNo,Woman,No,0,0,0.375,0.4565217391304347,266
428,2,1750,0.46070811307259657,WomanNo,Woman,No,0,0,0.0,0.4695652173913043,267
429,2,1756,0.46070811307259657,WomanYes,Woman,Yes,0,0,0.125,0.4734299516908212,268
430,2,1580,0.46070811307259657,WomanNo,Woman,No,0,0,0.5,0.3478260869565217,269
431,2,1770,0.46070811307259657,WomanNo,Woman,No,1,0,0.875,0.4347826086956521,270
432,2,1773,0.46070811307259657,ManNo,Man,No,1,0,0.0,0.4927536231884057,271
433,2,1782,0.46070811307259657,WomanNo,Woman,No,0,0,0.375,0.4904347826086956,272
434,2,1787,0.46070811307259657,ManNo,Man,No,0,0,0.375,0.4521739130434782,273
435,2,1789,0.46070811307259657,WomanNo,Woman,No,0,0,0.0,0.4882943143812709,274
436,2,1792,0.46070811307259657,WomanNo,Woman,No,0,0,0.0,0.4347826086956521,275
437,2,1793,0.46070811307259657,WomanNo,Woman,No,0,0,0.25,0.4782608695652174,276
438,2,1586,0.46070811307259657,WomanNo,Woman,No,0,0,0.0,0.4347826086956521,277
439,2,1392,0.46070811307259657,ManNo,Man,No,0,0,0.375,0.4347826086956521,278
440,2,1579,0.46070811307259657,WomanNo,Woman,No,1,0,0.125,0.4347826086956521,279
441,2,1057,0.46070811307259657,WomanYes,Woman,Yes,0,0,0.625,0.4671385237613751,280
442,2,922,0.46070811307259657,ManNo,Man,No,0,0,0.375,0.4347826086956521,281
443,2,931,0.46070811307259657,WomanNo,Woman,No,0,0,0.75,0.4347826086956521,282
444,2,957,0.46070811307259657,WomanNo,Woman,No,0,0,0.0,0.4904347826086956,283
445,2,979,0.46070811307259657,ManNo,Man,No,1,0,0.625,0.4347826086956521,284
446,2,996,0.46070811307259657,ManYes,Man,Yes,1,0,0.125,0.4631765749778172,285
447,2,1000,0.46070811307259657,WomanNo,Woman,No,0,0,0.375,0.4347826086956521,286
448,2,1003,0.46070811307259657,ManNo,Man,No,0,0,0.125,0.4664031620553359,287
449,2,1004,0.46070811307259657,ManNo,Man,No,0,0,0.375,0.4434782608695652,288
450,2,1004,0.46070811307259657,ManNo,Man,No,0,0,0.375,0.4347826086956521,289
451,2,1013,0.46070811307259657,ManYes,Man,Yes,0,0,0.75,0.4927536231884057,290
452,2,1013,0.46070811307259657,ManYes,Man,Yes,0,0,0.75,0.4844720496894409,291
453,2,1021,0.46070811307259657,WomanNo,Woman,No,0,0,0.5,0.4347826086956521,292
454,2,1022,0.46070811307259657,WomanNo,Woman,No,0,0,0.125,0.4347826086956521,293
455,2,1055,0.46070811307259657,ManNo,Man,No,0,0,0.125,0.4671385237613751,294
456,2,1070,0.46070811307259657,ManNo,Man,No,0,0,0.375,0.4347826086956521,295
457,2,1204,0.46070811307259657,ManYes,Man,Yes,0,0,0.0,0.4654731457800511,296
458,2,1079,0.46070811307259657,ManNo,Man,No,1,0,0.5,0.4347826086956521,297
459,2,1094,0.46070811307259657,ManNo,Man,No,0,0,0.5,0.4869565217391304,298
460,2,1102,0.46070811307259657,WomanNo,Woman,No,0,0,0.375,0.4734299516908212,299
461,2,1123,0.46070811307259657,WomanNo,Woman,No,0,0,0.375,0.4347826086956521,300
462,2,1123,0.46070811307259657,WomanNo,Woman,No,0,0,0.375,0.4347826086956521,301
463,2,1578,0.46070811307259657,WomanYes,Woman,Yes,0,0,0.375,0.4908835904628331,302
464,2,1142,0.46070811307259657,ManNo,Man,No,0,0,0.125,0.4439359267734554,303
465,2,1155,0.46070811307259657,ManNo,Man,No,0,0,0.125,0.4734299516908212,304
466,2,1158,0.46070811307259657,WomanNo,Woman,No,1,0,0.125,0.4541062801932367,305
467,2,1165,0.46070811307259657,WomanYes,Woman,Yes,0,0,0.75,0.4347826086956521,306
468,2,1169,0.46070811307259657,ManNo,Man,No,0,0,0.125,0.4605475040257649,307
469,2,1170,0.46070811307259657,ManNo,Man,No,0,0,0.375,0.4605475040257649,308
470,2,1170,0.46070811307259657,ManNo,Man,No,0,0,0.375,0.4605475040257649,309
471,2,1177,0.46070811307259657,WomanYes,Woman,Yes,0,0,0.125,0.463768115942029,310
472,2,910,0.46070811307259657,ManNo,Man,No,0,0,0.75,0.4856839872746553,311
473,2,906,0.46070811307259657,ManNo,Man,No,0,0,0.375,0.4856839872746553,312
474,2,878,0.46070811307259657,WomanNo,Woman,No,0,0,0.125,0.4939870490286771,313
475,2,867,0.46070811307259657,ManNo,Man,No,0,0,0.625,0.4347826086956521,314
476,2,691,0.46070811307259657,ManNo,Man,No,0,0,0.125,0.4695652173913043,315
477,2,704,0.46070811307259657,ManNo,Man,No,0,0,0.25,0.4882943143812709,316
478,2,708,0.46070811307259657,WomanNo,Woman,No,0,0,0.25,0.4897025171624714,317
479,2,721,0.46070811307259657,ManNo,Man,No,0,0,0.375,0.4782608695652174,318
480,2,724,0.46070811307259657,WomanNo,Woman,No,0,0,0.0,0.4805491990846682,319
481,2,726,0.46070811307259657,WomanNo,Woman,No,0,0,0.0,0.4650283553875236,320
482,2,737,0.46070811307259657,ManNo,Man,No,0,0,0.75,0.4347826086956521,321
483,2,740,0.46070811307259657,WomanNo,Woman,No,0,0,0.75,0.4707646176911544,322
484,2,744,0.46070811307259657,WomanNo,Woman,No,0,0,0.5,0.4869565217391304,323
485,2,759,0.46070811307259657,ManNo,Man,No,0,0,0.875,0.4695652173913043,324
486,2,766,0.46070811307259657,WomanNo,Woman,No,0,0,0.5,0.4833164812942366,325
487,2,766,0.46070811307259657,WomanNo,Woman,No,0,0,0.5,0.4833164812942366,326
488,2,774,0.46070811307259657,ManNo,Man,No,0,0,0.125,0.4347826086956521,327
489,2,781,0.46070811307259657,WomanNo,Woman,No,0,0,0.625,0.4596273291925465,328
490,2,784,0.46070811307259657,WomanNo,Woman,No,0,0,0.5,0.4347826086956521,329
491,2,784,0.46070811307259657,WomanNo,Woman,No,0,0,0.5,0.4347826086956521,330
492,2,792,0.46070811307259657,ManNo,Man,No,0,0,0.75,0.4888888888888889,331
493,2,804,0.46070811307259657,WomanNo,Woman,No,1,0,0.5,0.4347826086956521,332
494,2,807,0.46070811307259657,ManNo,Man,No,0,0,0.75,0.4572230014025245,333
495,2,808,0.46070811307259657,WomanNo,Woman,No,0,0,0.125,0.4572230014025245,334
496,2,809,0.46070811307259657,WomanNo,Woman,No,0,0,0.375,0.4347826086956521,335
497,2,819,0.46070811307259657,ManNo,Man,No,0,0,0.375,0.495274102079395,336
498,2,824,0.46070811307259657,ManNo,Man,No,0,0,0.0,0.4927536231884057,337
499,2,826,0.46070811307259657,WomanNo,Woman,No,0,0,0.375,0.4664031620553359,338
500,2,840,0.46070811307259657,ManNo,Man,No,0,0,0.5,0.4833164812942366,339
501,2,849,0.46070811307259657,WomanNo,Woman,No,1,0,0.75,0.4927536231884057,340
502,2,857,0.46070811307259657,WomanNo,Woman,No,0,0,0.75,0.4347826086956521,341
503,2,862,0.46070811307259657,WomanYes,Woman,Yes,0,0,0.625,0.4650283553875236,342
504,2,865,0.46070811307259657,WomanNo,Woman,No,0,0,0.625,0.4650283553875236,343
505,2,1195,0.46070811307259657,WomanNo,Woman,No,0,0,0.75,0.4650283553875236,344
506,2,1133,0.46070811307259657,WomanNo,Woman,No,1,0,0.375,0.4734299516908212,345
507,2,1934,0.46070811307259657,WomanNo,Woman,No,0,0,0.75,0.4927536231884057,346
508,2,1266,0.46070811307259657,WomanNo,Woman,No,0,0,0.125,0.4833164812942366,347
509,2,1386,0.46070811307259657,WomanNo,Woman,No,1,0,0.125,0.4347826086956521,348
510,2,1483,0.46070811307259657,WomanNo,Woman,No,1,0,0.125,0.4734299516908212,349
511,2,1515,0.46070811307259657,ManNo,Man,No,0,0,0.375,0.4834782608695652,350
512,2,1391,0.46070811307259657,WomanNo,Woman,No,0,0,0.25,0.4765217391304348,351
513,2,687,0.46070811307259657,ManNo,Man,No,0,0,0.375,0.4521739130434782,352
514,2,1400,0.46070811307259657,ManNo,Man,No,0,0,0.625,0.4782608695652174,353
515,2,1419,0.46070811307259657,ManNo,Man,No,0,0,0.625,0.4565217391304347,354
516,2,1431,0.46070811307259657,ManNo,Man,No,1,0,0.0,0.3478260869565217,355
517,2,1433,0.46070811307259657,WomanNo,Woman,No,0,0,0.375,0.4927536231884057,356
518,2,1436,0.46070811307259657,WomanNo,Woman,No,0,0,0.125,0.4347826086956521,357
519,2,1504,0.46070811307259657,ManNo,Man,No,0,0,0.0,0.4757033248081841,358
520,2,1489,0.46070811307259657,WomanNo,Woman,No,0,0,0.0,0.4347826086956521,359
521,2,1205,0.46070811307259657,ManNo,Man,No,0,0,0.5,0.4654731457800511,360
522,2,1445,0.46070811307259657,WomanNo,Woman,No,1,0,0.0,0.4664031620553359,361
523,2,1455,0.46070811307259657,WomanNo,Woman,No,0,0,0.5,0.4579710144927536,362
524,2,1457,0.46070811307259657,ManYes,Man,Yes,0,0,0.125,0.4927536231884057,363
525,2,1464,0.46070811307259657,WomanYes,Woman,Yes,0,0,0.25,0.4596273291925465,364
526,2,1487,0.46070811307259657,WomanYes,Woman,Yes,0,0,0.625,0.4927536231884057,365
527,2,1465,0.46070811307259657,WomanNo,Woman,No,0,0,0.25,0.4347826086956521,366
528,2,1469,0.46070811307259657,WomanNo,Woman,No,1,0,0.5,0.4565217391304347,367
529,2,1471,0.46070811307259657,ManNo,Man,No,0,0,0.625,0.4347826086956521,368
530,2,1474,0.46070811307259657,WomanNo,Woman,No,0,0,0.5,0.4499054820415878,369
531,2,1475,0.46070811307259657,WomanNo,Woman,No,1,0,0.25,0.4927536231884057,370
532,2,1271,0.46070811307259657,ManYes,Man,Yes,1,0,0.125,0.4695652173913043,371
533,2,1525,0.46070811307259657,ManNo,Man,No,0,0,0.0,0.4347826086956521,372
534,2,1265,0.46070811307259657,ManNo,Man,No,0,0,0.25,0.4833164812942366,373
535,2,1537,0.46070811307259657,WomanNo,Woman,No,1,0,0.875,0.4765217391304348,374
536,2,1205,0.46070811307259657,ManNo,Man,No,0,0,0.5,0.4782608695652174,375
537,2,1208,0.46070811307259657,WomanNo,Woman,No,0,0,0.875,0.4347826086956521,376
538,2,1218,0.46070811307259657,WomanNo,Woman,No,0,0,0.125,0.4844720496894409,377
539,2,1571,0.46070811307259657,WomanNo,Woman,No,0,0,0.0,0.4347826086956521,378
540,2,1222,0.46070811307259657,WomanNo,Woman,No,0,0,0.5,0.4574669187145557,379
541,2,1227,0.46070811307259657,WomanNo,Woman,No,0,0,0.25,0.4927536231884057,380
542,2,1229,0.46070811307259657,WomanNo,Woman,No,0,0,0.375,0.4927536231884057,381
543,2,1567,0.46070811307259657,WomanNo,Woman,No,0,0,0.25,0.4745341614906832,382
544,2,1229,0.46070811307259657,WomanNo,Woman,No,0,0,0.375,0.4927536231884057,383
545,2,1232,0.46070811307259657,WomanNo,Woman,No,0,0,0.125,0.463768115942029,384
546,2,1233,0.46070811307259657,ManYes,Man,Yes,0,0,0.5,0.463768115942029,385
547,2,1241,0.46070811307259657,ManNo,Man,No,1,0,0.25,0.4615384615384615,386
548,2,1481,0.46070811307259657,WomanNo,Woman,No,0,0,0.0,0.4572230014025245,387
549,2,1246,0.46070811307259657,ManNo,Man,No,0,0,0.125,0.463768115942029,388
550,2,1255,0.46070811307259657,WomanNo,Woman,No,0,0,0.25,0.4521739130434782,389
551,2,1563,0.46070811307259657,ManNo,Man,No,0,0,0.0,0.4844720496894409,390
552,2,1560,0.46070811307259657,WomanNo,Woman,No,0,0,0.125,0.4882943143812709,391
553,2,1555,0.46070811307259657,ManNo,Man,No,1,0,0.0,0.4844720496894409,392
554,2,1542,0.46070811307259657,WomanNo,Woman,No,0,0,0.625,0.4615384615384615,393
555,2,1543,0.46070811307259657,WomanNo,Woman,No,0,0,0.0,0.4347826086956521,394
556,2,1547,0.46070811307259657,ManNo,Man,No,0,0,0.25,0.4347826086956521,395
557,2,1551,0.46070811307259657,WomanNo,Woman,No,0,0,0.25,0.4704570791527313,396
558,2,807,0.15098814229249008,ManNo,Man,No,0,0,0.75,0.217391304347826,397
559,2,804,0.15098814229249008,WomanNo,Woman,No,1,0,0.5,0.217391304347826,398
560,2,1837,0.15098814229249008,WomanYes,Woman,Yes,0,0,0.125,0.1739130434782608,399
561,2,901,0.15098814229249008,WomanNo,Woman,No,0,0,0.375,0.1545893719806763,400
562,2,891,0.15098814229249008,ManYes,Man,Yes,1,0,0.125,0.1304347826086956,401
563,2,1514,0.09766523331740719,WomanNo,Woman,No,0,0,0.125,0.0966183574879227,402
564,2,1592,0.09766523331740719,WomanNo,Woman,No,0,0,0.375,0.1159420289855072,403
565,2,1722,0.09766523331740719,ManNo,Man,No,0,0,0.25,0.1159420289855072,404
566,2,1645,0.05109043414160322,WomanYes,Woman,Yes,0,0,0.0,0.0496894409937888,405
567,2,1897,0.05109043414160322,ManNo,Man,No,0,0,0.25,0.0695652173913043,406
568,2,1933,0.05109043414160322,WomanNo,Woman,No,0,0,0.0,0.036231884057971,407
569,2,1138,0.05109043414160322,WomanNo,Woman,No,0,0,0.625,0.0521739130434782,408
570,2,1096,0.05109043414160322,ManNo,Man,No,0,0,0.5,0.0316205533596837,409
571,2,1564,0.05109043414160322,WomanNo,Woman,No,0,0,0.375,0.039751552795031,410
572,2,1765,0.05109043414160322,ManNo,Man,No,0,0,0.0,0.0434782608695652,411
573,2,1091,0.05109043414160322,ManNo,Man,No,0,0,0.0,0.0496894409937888,412
574,2,1600,0.05109043414160322,ManNo,Man,No,0,0,0.375,0.0336605890603085,413
575,2,1906,0.05109043414160322,WomanNo,Woman,No,0,0,0.125,0.0695652173913043,414
576,2,1548,0.05109043414160322,WomanNo,Woman,No,0,0,0.25,0.0553359683794466,415
577,2,1629,0.05109043414160322,WomanNo,Woman,No,0,0,0.0,0.0624303232998885,416
578,2,1828,0.05109043414160322,ManNo,Man,No,0,0,0.125,0.0463768115942029,417
579,2,1074,0.05109043414160322,WomanNo,Woman,No,0,0,0.625,0.0316205533596837,418
580,2,1691,0.05109043414160322,WomanNo,Woman,No,0,0,0.25,0.0579710144927536,419
581,2,1796,0.05109043414160322,WomanNo,Woman,No,1,0,0.125,0.0579710144927536,420
582,2,1800,0.05109043414160322,ManNo,Man,No,1,0,0.25,0.0695652173913043,421
583,2,1012,0.05109043414160322,ManYes,Man,Yes,0,0,0.125,0.0579710144927536,422
584,2,1824,0.05109043414160322,WomanNo,Woman,No,0,0,0.375,0.0331262939958592,423
585,2,1438,0.05109043414160322,ManNo,Man,No,0,0,0.25,0.038647342995169,424
586,2,1500,0.05109043414160322,ManNo,Man,No,0,0,0.875,0.0658049353701527,425
587,2,1440,0.05109043414160322,ManNo,Man,No,1,0,0.125,0.038647342995169,426
588,2,1777,0.007808566925692021,WomanNo,Woman,No,0,0,0.875,0.0260869565217391,427
589,2,1085,0.007808566925692021,WomanNo,Woman,No,0,0,0.5,0.0289855072463768,428
590,2,1821,0.007808566925692021,ManNo,Man,No,1,0,1.0,0.0,429
591,2,1242,0.007808566925692021,ManNo,Man,No,0,0,0.25,0.0267558528428093,430
592,2,1221,0.007808566925692021,WomanNo,Woman,No,0,0,0.625,0.0226843100189035,431
593,2,1775,0.007808566925692021,ManNo,Man,No,1,0,0.25,0.0,432
594,3,148,0.7776397515527942,WomanNo,Woman,No,1,1,0.125,0.7826086956521738,1
595,3,1571,0.7776397515527942,WomanNo,Woman,No,1,1,0.0,0.7826086956521738,2
596,3,2047,0.6324971877210687,ManYes,Man,Yes,1,1,0.125,0.6086956521739131,3
597,3,1472,0.6324971877210687,ManNo,Man,No,0,1,0.0,0.6086956521739131,4
598,3,1108,0.6324971877210687,ManNo,Man,No,1,1,0.0,0.6956521739130435,5
599,3,1092,0.6324971877210687,ManNo,Man,No,1,1,0.125,0.6086956521739131,6
600,3,963,0.6324971877210687,ManNo,Man,No,1,1,0.25,0.6832298136645962,7
601,3,1542,0.6324971877210687,WomanNo,Woman,No,0,1,0.5,0.6335403726708074,8
602,3,1749,0.6324971877210687,ManNo,Man,No,0,1,0.0,0.6521739130434783,9
603,3,1104,0.5297953066824719,ManNo,Man,No,1,1,0.125,0.5043478260869565,10
604,3,1436,0.5297953066824719,WomanNo,Woman,No,1,1,0.125,0.5080091533180778,11
605,3,1204,0.5297953066824719,ManYes,Man,Yes,1,1,0.125,0.5341614906832298,12
606,3,994,0.5297953066824719,ManNo,Man,No,1,1,0.375,0.527536231884058,13
607,3,1489,0.5297953066824719,WomanNo,Woman,No,0,1,0.0,0.5314009661835749,14
608,3,1607,0.5297953066824719,WomanNo,Woman,No,0,1,0.75,0.5093167701863354,15
609,3,1736,0.5297953066824719,ManNo,Man,No,0,1,0.625,0.5217391304347826,16
610,3,1737,0.5297953066824719,WomanNo,Woman,No,0,1,0.25,0.5217391304347826,17
611,3,195,0.5297953066824719,WomanNo,Woman,No,0,1,0.375,0.5080091533180778,18
612,3,1926,0.5297953066824719,ManNo,Man,No,1,1,0.125,0.5080091533180778,19
613,3,32,0.5297953066824719,ManNo,Man,No,1,1,0.375,0.5296442687747035,20
614,3,55,0.5297953066824719,WomanNo,Woman,No,1,1,0.0,0.4980237154150198,21
615,3,1841,0.5297953066824719,ManNo,Man,No,0,1,0.125,0.5150501672240803,22
616,3,144,0.5297953066824719,ManNo,Man,No,1,1,0.375,0.5217391304347826,23
617,3,184,0.5297953066824719,WomanNo,Woman,No,1,1,0.5,0.5391304347826087,24
618,3,1906,0.5297953066824719,WomanNo,Woman,No,0,1,0.375,0.4968944099378882,25
619,3,2043,0.46070811307259657,ManNo,Man,No,1,1,0.125,0.4347826086956521,26
620,3,1481,0.46070811307259657,WomanNo,Woman,No,0,1,0.125,0.4869565217391304,27
621,3,1983,0.46070811307259657,ManNo,Man,No,1,1,0.5,0.4908835904628331,28
622,3,1888,0.46070811307259657,ManNo,Man,No,0,1,0.0,0.4904347826086956,29
623,3,1520,0.46070811307259657,ManNo,Man,No,0,1,0.375,0.4833164812942366,30
624,3,1563,0.46070811307259657,ManNo,Man,No,0,1,0.25,0.4927536231884057,31
625,3,1765,0.46070811307259657,ManNo,Man,No,0,1,0.0,0.486586493987049,32
626,3,1651,0.46070811307259657,WomanNo,Woman,No,1,1,0.5,0.4572230014025245,33
627,3,1699,0.46070811307259657,WomanNo,Woman,No,0,1,0.25,0.4664031620553359,34
628,3,1441,0.46070811307259657,WomanNo,Woman,No,0,1,0.375,0.4347826086956521,35
629,3,11,0.46070811307259657,WomanNo,Woman,No,0,1,0.25,0.4927536231884057,36
630,3,1433,0.46070811307259657,WomanNo,Woman,No,0,1,0.5,0.4805491990846682,37
631,3,807,0.46070811307259657,ManNo,Man,No,1,1,0.625,0.4347826086956521,38
632,3,58,0.46070811307259657,WomanNo,Woman,No,0,1,0.25,0.4347826086956521,39
633,3,75,0.46070811307259657,ManNo,Man,No,0,1,0.0,0.3478260869565217,40
634,3,91,0.46070811307259657,WomanNo,Woman,No,1,1,0.0,0.3478260869565217,41
635,3,172,0.46070811307259657,WomanNo,Woman,No,0,1,0.5,0.4782608695652174,42
636,3,1277,0.46070811307259657,ManNo,Man,No,1,1,0.375,0.4844720496894409,43
637,3,2111,0.46070811307259657,WomanNo,Woman,No,1,1,0.25,0.4347826086956521,44
638,3,812,0.46070811307259657,ManNo,Man,No,1,1,0.25,0.4347826086956521,45
639,3,1274,0.46070811307259657,ManYes,Man,Yes,1,1,0.75,0.4844720496894409,46
640,3,15,0.46070811307259657,ManNo,Man,No,1,1,0.25,0.4530892448512585,47
641,3,819,0.46070811307259657,ManNo,Man,No,1,1,0.125,0.4347826086956521,48
642,3,888,0.46070811307259657,ManNo,Man,No,1,1,0.125,0.4347826086956521,49
643,3,1645,0.15098814229249008,WomanYes,Woman,Yes,0,1,0.0,0.217391304347826,50
644,3,169,0.09766523331740719,WomanNo,Woman,No,1,1,0.25,0.0869565217391304,51
645,3,166,0.09766523331740719,WomanNo,Woman,No,1,1,0.125,0.091533180778032,52
646,3,19,0.09766523331740719,ManNo,Man,No,1,1,0.375,0.0802675585284281,53
647,3,275,0.05109043414160322,WomanNo,Woman,No,1,1,0.625,0.0372670807453416,54
648,3,505,0.05109043414160322,ManNo,Man,No,0,1,0.125,0.0326086956521739,55
649,3,229,0.05109043414160322,WomanNo,Woman,No,1,1,0.0,0.038647342995169,56
650,3,265,0.05109043414160322,ManNo,Man,No,1,1,0.75,0.0535117056856187,57
651,3,283,0.05109043414160322,WomanNo,Woman,No,1,1,0.125,0.0695652173913043,58
652,3,77,0.007808566925692021,WomanYes,Woman,Yes,1,1,0.125,0.0,59
653,3,48,0.007808566925692021,WomanNo,Woman,No,0,1,0.375,0.0,60
654,3,553,0.007808566925692021,WomanNo,Woman,No,0,1,0.375,0.0,61
655,4,1175,0.7776397515527942,WomanNo,Woman,No,0,0,0.0,0.7826086956521738,1
656,4,1642,0.7776397515527942,WomanNo,Woman,No,0,0,0.1,0.7826086956521738,2
657,4,1902,0.7776397515527942,WomanNo,Woman,No,0,0,0.3,0.7826086956521738,3
658,4,1197,0.7776397515527942,WomanYes,Woman,Yes,1,0,0.5,0.7826086956521738,4
659,4,1197,0.7776397515527942,WomanYes,Woman,Yes,1,0,0.5,0.7826086956521738,5
660,4,776,0.7776397515527942,ManNo,Man,No,0,0,0.0,0.7826086956521738,6
661,4,1211,0.7776397515527942,WomanYes,Woman,Yes,0,0,0.0,0.7826086956521738,7
662,4,1233,0.7776397515527942,ManYes,Man,Yes,0,0,0.3,0.7826086956521738,8
663,4,1062,0.7776397515527942,WomanYes,Woman,Yes,1,0,0.1,0.7130434782608696,9
664,4,712,0.7776397515527942,WomanNo,Woman,No,0,0,0.7,0.7826086956521738,10
665,4,1580,0.7776397515527942,WomanNo,Woman,No,0,0,0.4,0.7826086956521738,11
666,4,1440,0.7776397515527942,ManNo,Man,No,0,0,0.1,0.7826086956521738,12
667,4,1737,0.7776397515527942,WomanNo,Woman,No,0,0,0.2,0.7826086956521738,13
668,4,1410,0.6324971877210687,WomanYes,Woman,Yes,0,0,0.1,0.6086956521739131,14
669,4,1426,0.6324971877210687,ManYes,Man,Yes,0,0,0.0,0.6521739130434783,15
670,4,1605,0.6324971877210687,WomanNo,Woman,No,0,0,0.2,0.6086956521739131,16
671,4,1431,0.6324971877210687,ManNo,Man,No,0,0,0.0,0.6086956521739131,17
672,4,1224,0.6324971877210687,WomanYes,Woman,Yes,0,0,0.3,0.6434782608695652,18
673,4,1724,0.6324971877210687,ManNo,Man,No,0,0,0.2,0.6086956521739131,19
674,4,1599,0.6324971877210687,WomanNo,Woman,No,0,0,0.2,0.6086956521739131,20
675,4,1102,0.6324971877210687,WomanNo,Woman,No,0,0,0.3,0.6086956521739131,21
676,4,1602,0.6324971877210687,WomanNo,Woman,No,0,0,0.1,0.6086956521739131,22
677,4,1271,0.6324971877210687,ManYes,Man,Yes,0,0,0.1,0.6086956521739131,23
678,4,2186,0.6324971877210687,ManNo,Man,No,1,0,0.7,0.6086956521739131,24
679,4,1888,0.6324971877210687,ManNo,Man,No,0,0,0.2,0.6086956521739131,25
680,4,870,0.5297953066824719,ManNo,Man,No,0,0,0.1,0.5150501672240803,26
681,4,1386,0.5297953066824719,WomanNo,Woman,No,0,0,0.0,0.5043478260869565,27
682,4,1923,0.5297953066824719,ManNo,Man,No,0,0,0.1,0.5507246376811594,28
683,4,737,0.5297953066824719,ManNo,Man,No,0,0,0.5,0.5838509316770186,29
684,4,1409,0.5297953066824719,WomanNo,Woman,No,0,0,0.1,0.5739130434782609,30
685,4,1405,0.5297953066824719,ManNo,Man,No,0,0,0.6,0.5507246376811594,31
686,4,1401,0.5297953066824719,ManNo,Man,No,0,0,0.2,0.5,32
687,4,1400,0.5297953066824719,ManNo,Man,No,0,0,0.6,0.5,33
688,4,1784,0.5297953066824719,WomanNo,Woman,No,0,0,0.2,0.5120772946859903,34
689,4,1685,0.5297953066824719,WomanNo,Woman,No,0,0,0.1,0.5217391304347826,35
690,4,1385,0.5297953066824719,WomanNo,Woman,No,0,0,0.1,0.5507246376811594,36
691,4,1629,0.5297953066824719,WomanNo,Woman,No,0,0,0.0,0.4972129319955407,37
692,4,744,0.5297953066824719,WomanNo,Woman,No,0,0,0.4,0.5507246376811594,38
693,4,1277,0.5297953066824719,ManNo,Man,No,0,0,0.6,0.5446224256292906,39
694,4,759,0.5297953066824719,ManNo,Man,No,0,0,0.6,0.5150501672240803,40
695,4,1266,0.5297953066824719,WomanNo,Woman,No,0,0,0.0,0.5043478260869565,41
696,4,1800,0.5297953066824719,ManNo,Man,No,0,0,0.2,0.5043478260869565,42
697,4,1801,0.5297953066824719,WomanNo,Woman,No,0,0,0.1,0.5217391304347826,43
698,4,1814,0.5297953066824719,ManNo,Man,No,0,0,0.0,0.5133239831697054,44
699,4,1226,0.5297953066824719,WomanNo,Woman,No,0,0,0.1,0.5341614906832298,45
700,4,1658,0.5297953066824719,WomanNo,Woman,No,0,0,0.1,0.5217391304347826,46
701,4,1429,0.5297953066824719,ManNo,Man,No,0,0,0.0,0.5838509316770186,47
702,4,1633,0.5297953066824719,WomanNo,Woman,No,0,0,0.1,0.5446224256292906,48
703,4,1433,0.5297953066824719,WomanNo,Woman,No,0,0,0.3,0.5217391304347826,49
704,4,1436,0.5297953066824719,WomanNo,Woman,No,0,0,0.1,0.5043478260869565,50
705,4,1520,0.5297953066824719,ManNo,Man,No,0,0,0.1,0.5391304347826087,51
706,4,696,0.5297953066824719,WomanNo,Woman,No,0,0,0.0,0.5150501672240803,52
707,4,1514,0.5297953066824719,WomanNo,Woman,No,0,0,0.1,0.5314009661835749,53
708,4,1730,0.5297953066824719,ManNo,Man,No,0,0,0.2,0.5043478260869565,54
709,4,1715,0.5297953066824719,WomanNo,Woman,No,0,0,0.0,0.5507246376811594,55
710,4,1500,0.5297953066824719,ManNo,Man,No,0,0,0.7,0.500587544065805,56
711,4,1493,0.5297953066824719,WomanNo,Woman,No,0,0,0.5,0.4961636828644501,57
712,4,1489,0.5297953066824719,WomanNo,Woman,No,0,0,0.0,0.5507246376811594,58
713,4,1712,0.5297953066824719,WomanNo,Woman,No,0,0,0.0,0.5507246376811594,59
714,4,1651,0.5297953066824719,WomanNo,Woman,No,0,0,0.7,0.5507246376811594,60
715,4,1738,0.5297953066824719,WomanNo,Woman,No,0,0,0.0,0.5217391304347826,61
716,4,1741,0.5297953066824719,ManNo,Man,No,0,0,0.1,0.4956521739130434,62
717,4,687,0.5297953066824719,ManNo,Man,No,0,0,0.3,0.4961636828644501,63
718,4,1705,0.5297953066824719,WomanNo,Woman,No,0,0,0.3,0.5507246376811594,64
719,4,1756,0.5297953066824719,WomanYes,Woman,Yes,0,0,0.0,0.5217391304347826,65
720,4,1769,0.5297953066824719,ManNo,Man,No,0,0,0.0,0.5249597423510467,66
721,4,1446,0.5297953066824719,WomanNo,Woman,No,0,0,0.1,0.5,67
722,4,1445,0.5297953066824719,WomanNo,Woman,No,0,0,0.0,0.5,68
723,4,704,0.5297953066824719,ManNo,Man,No,0,0,0.1,0.5296442687747035,69
724,4,1817,0.5297953066824719,ManNo,Man,No,0,0,0.5,0.4980237154150198,70
725,4,1918,0.5297953066824719,WomanYes,Woman,Yes,0,0,0.3,0.4980237154150198,71
726,4,1208,0.5297953066824719,WomanNo,Woman,No,0,0,0.6,0.5217391304347826,72
727,4,1079,0.5297953066824719,ManNo,Man,No,0,0,0.3,0.5612648221343873,73
728,4,826,0.5297953066824719,WomanNo,Woman,No,0,0,0.2,0.5370843989769821,74
729,4,1607,0.5297953066824719,WomanNo,Woman,No,0,0,0.7,0.5652173913043478,75
730,4,1013,0.5297953066824719,ManYes,Man,Yes,0,0,0.5,0.5217391304347826,76
731,4,1850,0.5297953066824719,WomanNo,Woman,No,0,0,0.0,0.5217391304347826,77
732,4,1011,0.5297953066824719,ManNo,Man,No,0,0,0.2,0.5067466266866567,78
733,4,1008,0.5297953066824719,WomanYes,Woman,Yes,1,0,0.0,0.5739130434782609,79
734,4,1006,0.5297953066824719,ManNo,Man,No,0,0,0.0,0.5612648221343873,80
735,4,1858,0.5297953066824719,ManNo,Man,No,0,0,0.1,0.5,81
736,4,1608,0.5297953066824719,WomanNo,Woman,No,0,0,0.1,0.527536231884058,82
737,4,999,0.5297953066824719,ManNo,Man,No,0,0,0.5,0.5507246376811594,83
738,4,1873,0.5297953066824719,WomanNo,Woman,No,0,0,0.1,0.5217391304347826,84
739,4,1876,0.5297953066824719,WomanNo,Woman,No,0,0,0.1,0.5043478260869565,85
740,4,963,0.5297953066824719,ManNo,Man,No,0,0,0.3,0.4968944099378882,86
741,4,957,0.5297953066824719,WomanNo,Woman,No,0,0,0.0,0.5507246376811594,87
742,4,956,0.5297953066824719,WomanNo,Woman,No,0,0,0.1,0.568561872909699,88
743,4,917,0.5297953066824719,WomanNo,Woman,No,0,0,0.2,0.5217391304347826,89
744,4,901,0.5297953066824719,WomanNo,Woman,No,0,0,0.2,0.5507246376811594,90
745,4,1878,0.5297953066824719,ManNo,Man,No,0,0,0.2,0.5217391304347826,91
746,4,891,0.5297953066824719,ManYes,Man,Yes,0,0,0.1,0.5217391304347826,92
747,4,1621,0.5297953066824719,ManNo,Man,No,0,0,0.1,0.5217391304347826,93
748,4,1846,0.5297953066824719,WomanNo,Woman,No,0,0,0.0,0.5507246376811594,94
749,4,1092,0.5297953066824719,ManNo,Man,No,0,0,0.3,0.5739130434782609,95
750,4,1829,0.5297953066824719,WomanNo,Woman,No,0,0,0.1,0.5507246376811594,96
751,4,1594,0.5297953066824719,ManNo,Man,No,0,0,0.1,0.5085638998682477,97
752,4,1598,0.5297953066824719,ManNo,Man,No,0,0,0.1,0.5507246376811594,98
753,4,1827,0.5297953066824719,WomanNo,Woman,No,0,0,0.4,0.5043478260869565,99
754,4,1158,0.5297953066824719,WomanNo,Woman,No,0,0,0.2,0.5296442687747035,100
755,4,1142,0.5297953066824719,ManNo,Man,No,0,0,0.1,0.5016722408026756,101
756,4,1092,0.5297953066824719,ManNo,Man,No,0,0,0.3,0.5507246376811594,102
757,4,1897,0.5297953066824719,ManNo,Man,No,0,0,0.2,0.5043478260869565,103
758,4,1132,0.5297953066824719,ManNo,Man,No,0,0,0.3,0.5043478260869565,104
759,4,1142,0.5297953066824719,ManNo,Man,No,0,0,0.1,0.5434782608695652,105
760,4,1720,0.5297953066824719,ManNo,Man,No,0,0,0.8,0.5739130434782609,106
761,4,1096,0.5297953066824719,ManNo,Man,No,1,0,0.4,0.5739130434782609,107
762,4,1836,0.5297953066824719,ManNo,Man,No,0,0,0.3,0.5120772946859903,108
763,4,1717,0.46070811307259657,WomanNo,Woman,No,0,0,0.3,0.4347826086956521,109
764,4,1660,0.46070811307259657,ManNo,Man,No,0,0,0.2,0.472385428907168,110
765,4,1662,0.46070811307259657,WomanNo,Woman,No,0,0,0.1,0.4347826086956521,111
766,4,1676,0.46070811307259657,ManNo,Man,No,0,0,0.4,0.4347826086956521,112
767,4,1716,0.46070811307259657,WomanNo,Woman,No,0,0,0.2,0.4734299516908212,113
768,4,1670,0.46070811307259657,WomanNo,Woman,No,0,0,0.1,0.4904347826086956,114
769,4,1683,0.46070811307259657,ManNo,Man,No,0,0,0.3,0.4927536231884057,115
770,4,1678,0.46070811307259657,WomanNo,Woman,No,0,0,0.7,0.4734299516908212,116
771,4,1719,0.46070811307259657,ManNo,Man,No,0,0,0.7,0.4347826086956521,117
772,4,1696,0.46070811307259657,WomanYes,Woman,Yes,0,0,0.1,0.4844720496894409,118
773,4,1697,0.46070811307259657,ManNo,Man,No,0,0,0.2,0.4855072463768116,119
774,4,1706,0.46070811307259657,ManNo,Man,No,0,0,0.0,0.4347826086956521,120
775,4,1672,0.46070811307259657,ManNo,Man,No,0,0,0.1,0.4782608695652174,121
776,4,1680,0.46070811307259657,ManNo,Man,No,0,0,0.0,0.4347826086956521,122
777,4,1690,0.46070811307259657,ManNo,Man,No,0,0,0.8,0.4782608695652174,123
778,4,1665,0.46070811307259657,ManNo,Man,No,0,0,0.0,0.481159420289855,124
779,4,1691,0.46070811307259657,WomanNo,Woman,No,0,0,0.2,0.4927536231884057,125
780,4,1704,0.46070811307259657,ManNo,Man,No,0,0,0.5,0.4347826086956521,126
781,4,1699,0.46070811307259657,WomanNo,Woman,No,0,0,0.0,0.4347826086956521,127
782,4,1653,0.46070811307259657,WomanNo,Woman,No,0,0,0.0,0.4347826086956521,128
783,4,1796,0.46070811307259657,WomanNo,Woman,No,0,0,0.1,0.4347826086956521,129
784,4,1721,0.46070811307259657,WomanNo,Woman,No,0,0,0.3,0.463768115942029,130
785,4,1883,0.46070811307259657,WomanNo,Woman,No,0,0,0.3,0.4347826086956521,131
786,4,1832,0.46070811307259657,WomanNo,Woman,No,0,0,0.1,0.4891304347826087,132
787,4,1837,0.46070811307259657,WomanYes,Woman,Yes,0,0,0.2,0.4347826086956521,133
788,4,1839,0.46070811307259657,WomanNo,Woman,No,0,0,0.5,0.4844720496894409,134
789,4,1844,0.46070811307259657,ManNo,Man,No,0,0,0.2,0.4347826086956521,135
790,4,1860,0.46070811307259657,WomanNo,Woman,No,0,0,0.5,0.4897025171624714,136
791,4,1862,0.46070811307259657,WomanNo,Woman,No,0,0,0.4,0.4927536231884057,137
792,4,1881,0.46070811307259657,WomanNo,Woman,No,0,0,0.1,0.4347826086956521,138
793,4,1887,0.46070811307259657,ManNo,Man,No,0,0,0.5,0.4695652173913043,139
794,4,1726,0.46070811307259657,WomanNo,Woman,No,0,0,0.1,0.4822134387351778,140
795,4,1903,0.46070811307259657,ManNo,Man,No,0,0,0.2,0.4844720496894409,141
796,4,1906,0.46070811307259657,WomanNo,Woman,No,0,0,0.1,0.4347826086956521,142
797,4,1908,0.46070811307259657,WomanNo,Woman,No,0,0,0.2,0.4725897920604914,143
798,4,1910,0.46070811307259657,ManNo,Man,No,0,0,0.0,0.4347826086956521,144
799,4,1926,0.46070811307259657,ManNo,Man,No,0,0,0.1,0.4679089026915113,145
800,4,1929,0.46070811307259657,ManYes,Man,Yes,0,0,0.7,0.463768115942029,146
801,4,1933,0.46070811307259657,WomanNo,Woman,No,0,0,0.0,0.4710144927536231,147
802,4,1828,0.46070811307259657,ManNo,Man,No,0,0,0.0,0.481159420289855,148
803,4,1825,0.46070811307259657,WomanNo,Woman,No,0,0,0.6,0.4782608695652174,149
804,4,1824,0.46070811307259657,WomanNo,Woman,No,0,0,0.3,0.4679089026915113,150
805,4,1821,0.46070811307259657,ManNo,Man,No,0,0,0.8,0.4347826086956521,151
806,4,1731,0.46070811307259657,WomanNo,Woman,No,0,0,0.1,0.4734299516908212,152
807,4,1733,0.46070811307259657,WomanNo,Woman,No,0,0,0.5,0.4347826086956521,153
808,4,1736,0.46070811307259657,ManNo,Man,No,0,0,0.8,0.4347826086956521,154
809,4,1749,0.46070811307259657,ManNo,Man,No,0,0,0.1,0.4695652173913043,155
810,4,1750,0.46070811307259657,WomanNo,Woman,No,0,0,0.1,0.4927536231884057,156
811,4,1757,0.46070811307259657,ManYes,Man,Yes,0,0,0.2,0.4695652173913043,157
812,4,1761,0.46070811307259657,ManNo,Man,No,0,0,0.3,0.4347826086956521,158
813,4,1763,0.46070811307259657,WomanYes,Woman,Yes,0,0,0.3,0.4734299516908212,159
814,4,1765,0.46070811307259657,ManNo,Man,No,0,0,0.1,0.4782608695652174,160
815,4,1770,0.46070811307259657,WomanNo,Woman,No,0,0,0.7,0.4347826086956521,161
816,4,1773,0.46070811307259657,ManNo,Man,No,0,0,0.0,0.4347826086956521,162
817,4,1775,0.46070811307259657,ManNo,Man,No,0,0,0.2,0.4347826086956521,163
818,4,1792,0.46070811307259657,WomanNo,Woman,No,0,0,0.1,0.4782608695652174,164
819,4,1804,0.46070811307259657,WomanNo,Woman,No,0,0,0.3,0.4734299516908212,165
820,4,1819,0.46070811307259657,ManNo,Man,No,0,0,0.0,0.4782608695652174,166
821,4,1645,0.46070811307259657,WomanYes,Woman,Yes,0,0,0.1,0.4844720496894409,167
822,4,686,0.46070811307259657,WomanNo,Woman,No,0,0,0.1,0.4734299516908212,168
823,4,1641,0.46070811307259657,WomanNo,Woman,No,0,0,0.2,0.4844720496894409,169
824,4,1050,0.46070811307259657,WomanNo,Woman,No,0,0,0.1,0.4671385237613751,170
825,4,1096,0.46070811307259657,ManNo,Man,No,1,0,0.4,0.4596273291925465,171
826,4,1096,0.46070811307259657,ManNo,Man,No,1,0,0.4,0.4664031620553359,172
827,4,1102,0.46070811307259657,WomanNo,Woman,No,0,0,0.3,0.4347826086956521,173
828,4,1123,0.46070811307259657,WomanNo,Woman,No,0,0,0.2,0.4347826086956521,174
829,4,1133,0.46070811307259657,WomanNo,Woman,No,0,0,0.3,0.4347826086956521,175
830,4,1168,0.46070811307259657,ManNo,Man,No,0,0,0.1,0.4605475040257649,176
831,4,1177,0.46070811307259657,WomanYes,Woman,Yes,0,0,0.0,0.4626086956521739,177
832,4,1195,0.46070811307259657,WomanNo,Woman,No,0,0,0.5,0.4713958810068649,178
833,4,1205,0.46070811307259657,ManNo,Man,No,0,0,0.3,0.4695652173913043,179
834,4,1229,0.46070811307259657,WomanNo,Woman,No,0,0,0.3,0.4927536231884057,180
835,4,1242,0.46070811307259657,ManNo,Man,No,0,0,0.2,0.4882943143812709,181
836,4,1262,0.46070811307259657,WomanNo,Woman,No,0,0,0.1,0.4347826086956521,182
837,4,1265,0.46070811307259657,ManNo,Man,No,0,0,0.1,0.4833164812942366,183
838,4,1383,0.46070811307259657,WomanNo,Woman,No,0,0,0.1,0.4844720496894409,184
839,4,1389,0.46070811307259657,ManNo,Man,No,0,0,0.3,0.4765217391304348,185
840,4,1391,0.46070811307259657,WomanNo,Woman,No,0,0,0.2,0.4347826086956521,186
841,4,1639,0.46070811307259657,WomanNo,Woman,No,0,0,0.0,0.4844720496894409,187
842,4,1441,0.46070811307259657,WomanNo,Woman,No,0,0,0.1,0.4347826086956521,188
843,4,1455,0.46070811307259657,WomanNo,Woman,No,0,0,0.5,0.4734299516908212,189
844,4,1059,0.46070811307259657,ManNo,Man,No,0,0,0.1,0.4456521739130434,190
845,4,1043,0.46070811307259657,ManYes,Man,Yes,0,0,0.0,0.4546583850931677,191
846,4,1459,0.46070811307259657,ManYes,Man,Yes,0,0,0.1,0.4347826086956521,192
847,4,1013,0.46070811307259657,ManYes,Man,Yes,0,0,0.5,0.448695652173913,193
848,4,702,0.46070811307259657,ManNo,Man,No,0,0,0.1,0.4844720496894409,194
849,4,708,0.46070811307259657,WomanNo,Woman,No,0,0,0.2,0.4801512287334593,195
850,4,714,0.46070811307259657,WomanNo,Woman,No,0,0,0.4,0.4882943143812709,196
851,4,721,0.46070811307259657,ManNo,Man,No,0,0,0.2,0.4805491990846682,197
852,4,766,0.46070811307259657,WomanNo,Woman,No,0,0,0.3,0.4833164812942366,198
853,4,771,0.46070811307259657,WomanNo,Woman,No,1,0,0.2,0.4347826086956521,199
854,4,771,0.46070811307259657,WomanNo,Woman,No,1,0,0.2,0.4347826086956521,200
855,4,784,0.46070811307259657,WomanNo,Woman,No,0,0,0.3,0.4347826086956521,201
856,4,807,0.46070811307259657,ManNo,Man,No,0,0,0.6,0.4432661717921527,202
857,4,808,0.46070811307259657,WomanNo,Woman,No,0,0,0.0,0.4796633941093969,203
858,4,819,0.46070811307259657,ManNo,Man,No,0,0,0.2,0.4791859389454209,204
859,4,824,0.46070811307259657,ManNo,Man,No,0,0,0.0,0.4734299516908212,205
860,4,825,0.46070811307259657,WomanNo,Woman,No,0,0,0.1,0.4664031620553359,206
861,4,878,0.46070811307259657,WomanNo,Woman,No,0,0,0.0,0.4939870490286771,207
862,4,990,0.46070811307259657,WomanNo,Woman,No,0,0,0.1,0.4859335038363171,208
863,4,991,0.46070811307259657,ManNo,Man,No,0,0,0.3,0.4631765749778172,209
864,4,996,0.46070811307259657,ManYes,Man,Yes,0,0,0.2,0.4908835904628331,210
865,4,1003,0.46070811307259657,ManNo,Man,No,0,0,0.1,0.4347826086956521,211
866,4,1004,0.46070811307259657,ManNo,Man,No,0,0,0.2,0.4347826086956521,212
867,4,1457,0.46070811307259657,ManYes,Man,Yes,0,0,0.0,0.4347826086956521,213
868,4,1438,0.46070811307259657,ManNo,Man,No,0,0,0.3,0.4734299516908212,214
869,4,1464,0.46070811307259657,WomanYes,Woman,Yes,0,0,0.2,0.4481605351170568,215
870,4,1533,0.46070811307259657,WomanNo,Woman,No,0,0,0.3,0.4844720496894409,216
871,4,1541,0.46070811307259657,ManNo,Man,No,0,0,0.2,0.4615384615384615,217
872,4,1465,0.46070811307259657,WomanNo,Woman,No,0,0,0.2,0.4505928853754941,218
873,4,1543,0.46070811307259657,WomanNo,Woman,No,0,0,0.0,0.4347826086956521,219
874,4,1551,0.46070811307259657,WomanNo,Woman,No,0,0,0.4,0.4793756967670011,220
875,4,1560,0.46070811307259657,WomanNo,Woman,No,0,0,0.2,0.4882943143812709,221
876,4,1563,0.46070811307259657,ManNo,Man,No,0,0,0.0,0.4844720496894409,222
877,4,1567,0.46070811307259657,WomanNo,Woman,No,0,0,0.2,0.4859335038363171,223
878,4,1571,0.46070811307259657,WomanNo,Woman,No,0,0,0.2,0.4844720496894409,224
879,4,1579,0.46070811307259657,WomanNo,Woman,No,0,0,0.1,0.4347826086956521,225
880,4,1586,0.46070811307259657,WomanNo,Woman,No,0,0,0.1,0.4347826086956521,226
881,4,1589,0.46070811307259657,ManNo,Man,No,0,0,0.0,0.4749163879598662,227
882,4,1592,0.46070811307259657,WomanNo,Woman,No,0,0,0.4,0.4347826086956521,228
883,4,1595,0.46070811307259657,WomanNo,Woman,No,0,0,0.0,0.4664031620553359,229
884,4,1604,0.46070811307259657,WomanYes,Woman,Yes,0,0,0.1,0.4347826086956521,230
885,4,1609,0.46070811307259657,WomanNo,Woman,No,0,0,0.0,0.4347826086956521,231
886,4,1617,0.46070811307259657,WomanNo,Woman,No,0,0,0.2,0.4782608695652174,232
887,4,1628,0.46070811307259657,ManNo,Man,No,0,0,0.0,0.463768115942029,233
888,4,1630,0.46070811307259657,WomanNo,Woman,No,0,0,0.4,0.4347826086956521,234
889,4,1637,0.46070811307259657,ManYes,Man,Yes,0,0,0.4,0.4844720496894409,235
890,4,1537,0.46070811307259657,WomanNo,Woman,No,0,0,0.7,0.4927536231884057,236
891,4,1548,0.46070811307259657,WomanNo,Woman,No,0,0,0.2,0.4901185770750988,237
892,4,1475,0.46070811307259657,WomanNo,Woman,No,0,0,0.2,0.4579710144927536,238
893,4,1515,0.46070811307259657,ManNo,Man,No,0,0,0.3,0.4904347826086956,239
894,4,1513,0.46070811307259657,ManNo,Man,No,0,0,0.0,0.4347826086956521,240
895,4,1468,0.46070811307259657,ManNo,Man,No,0,0,0.3,0.4426877470355731,241
896,4,1469,0.46070811307259657,WomanNo,Woman,No,0,0,0.4,0.4450127877237851,242
897,4,1471,0.46070811307259657,ManNo,Man,No,0,0,0.5,0.4734299516908212,243
898,4,1474,0.46070811307259657,WomanNo,Woman,No,0,0,0.4,0.463768115942029,244
899,4,1170,0.15098814229249008,ManNo,Man,No,0,0,0.2,0.2782608695652174,245
900,4,804,0.15098814229249008,WomanNo,Woman,No,0,0,0.3,0.217391304347826,246
901,4,901,0.15098814229249008,WomanNo,Woman,No,0,0,0.2,0.1545893719806763,247
902,4,1218,0.09766523331740719,WomanNo,Woman,No,0,0,0.0,0.0948616600790513,248
903,4,1540,0.09766523331740719,WomanNo,Woman,No,0,0,0.0,0.1159420289855072,249
904,4,1525,0.09766523331740719,ManNo,Man,No,0,0,0.1,0.1159420289855072,250
905,4,1811,0.05109043414160322,WomanNo,Woman,No,0,0,0.1,0.0579710144927536,251
906,4,1789,0.05109043414160322,WomanNo,Woman,No,0,0,0.0,0.0579710144927536,252
907,4,1624,0.05109043414160322,WomanNo,Woman,No,0,0,0.1,0.0463768115942029,253
908,4,1481,0.05109043414160322,WomanNo,Woman,No,0,0,0.0,0.038647342995169,254
909,4,1447,0.05109043414160322,WomanNo,Woman,No,0,0,0.0,0.0772946859903381,255
910,4,1627,0.05109043414160322,WomanNo,Woman,No,0,0,0.2,0.0463768115942029,256
911,4,1841,0.05109043414160322,ManNo,Man,No,0,0,0.1,0.038647342995169,257
912,4,1483,0.05109043414160322,WomanNo,Woman,No,0,0,0.1,0.0579710144927536,258
913,4,1487,0.05109043414160322,WomanYes,Woman,Yes,0,0,0.6,0.0434782608695652,259
914,4,1807,0.05109043414160322,ManNo,Man,No,0,0,0.3,0.0695652173913043,260
915,4,1504,0.05109043414160322,ManNo,Man,No,0,0,0.1,0.0695652173913043,261
916,4,1864,0.05109043414160322,WomanYes,Woman,Yes,0,0,0.4,0.0579710144927536,262
917,4,1508,0.05109043414160322,ManNo,Man,No,0,0,0.3,0.0434782608695652,263
918,4,1555,0.05109043414160322,ManNo,Man,No,0,0,0.0,0.0745341614906832,264
919,4,1869,0.007808566925692021,ManNo,Man,No,0,0,0.1,0.0,265
920,4,1702,0.007808566925692021,WomanNo,Woman,No,0,0,0.1,0.0,266
921,4,1729,0.007808566925692021,WomanYes,Woman,Yes,0,0,0.1,0.0,267
922,4,1542,0.007808566925692021,WomanNo,Woman,No,0,0,0.6,0.0,268
923,4,1526,0.007808566925692021,ManNo,Man,No,0,0,0.1,0.0,269
924,5,1382,0.7776397515527942,ManNo,Man,No,0,0,0.4,0.7826086956521738,1
925,5,854,0.7776397515527942,WomanNo,Woman,No,0,0,0.0,0.7826086956521738,2
926,5,894,0.7776397515527942,ManYes,Man,Yes,0,0,0.2,0.7826086956521738,3
927,5,895,0.7776397515527942,ManNo,Man,No,0,0,0.4,0.7826086956521738,4
928,5,1299,0.6324971877210687,ManYes,Man,Yes,0,0,0.2,0.6280193236714976,5
929,5,1296,0.6324971877210687,ManNo,Man,No,0,0,0.0,0.5893719806763285,6
930,5,1100,0.6324971877210687,ManNo,Man,No,0,0,0.2,0.6086956521739131,7
931,5,1288,0.6324971877210687,WomanYes,Woman,Yes,0,0,0.2,0.6280193236714976,8
932,5,1294,0.6324971877210687,WomanYes,Woman,Yes,0,0,0.2,0.6280193236714976,9
933,5,1002,0.6324971877210687,ManNo,Man,No,0,0,0.4,0.6086956521739131,10
934,5,1875,0.6324971877210687,ManNo,Man,No,0,0,0.0,0.6086956521739131,11
935,5,1879,0.6324971877210687,WomanNo,Woman,No,0,0,0.0,0.6086956521739131,12
936,5,1421,0.6324971877210687,ManNo,Man,No,0,0,0.2,0.6666666666666666,13
937,5,1017,0.5297953066824719,ManNo,Man,No,0,0,0.0,0.5217391304347826,14
938,5,921,0.5297953066824719,ManNo,Man,No,0,0,0.4,0.5150501672240803,15
939,5,932,0.5297953066824719,WomanNo,Woman,No,0,0,0.0,0.5590062111801242,16
940,5,1287,0.5297953066824719,ManNo,Man,No,0,0,0.2,0.5120772946859903,17
941,5,1189,0.5297953066824719,WomanNo,Woman,No,0,0,0.2,0.5507246376811594,18
942,5,1041,0.5297953066824719,ManNo,Man,No,0,0,0.2,0.5418060200668896,19
943,5,1339,0.5297953066824719,WomanNo,Woman,No,0,0,0.2,0.5093167701863354,20
944,5,1353,0.5297953066824719,WomanNo,Woman,No,0,0,0.0,0.5321739130434783,21
945,5,1349,0.5297953066824719,WomanYes,Woman,Yes,0,0,0.2,0.5321739130434783,22
946,5,1316,0.5297953066824719,WomanNo,Woman,No,0,0,0.2,0.527536231884058,23
947,5,1327,0.5297953066824719,ManNo,Man,No,0,0,0.2,0.5043478260869565,24
948,5,1330,0.5297953066824719,ManYes,Man,Yes,0,0,0.2,0.527536231884058,25
949,5,1432,0.5297953066824719,WomanNo,Woman,No,0,0,0.2,0.5507246376811594,26
950,5,1462,0.5297953066824719,WomanNo,Woman,No,0,0,0.2,0.5043478260869565,27
951,5,1694,0.5297953066824719,WomanYes,Woman,Yes,0,0,0.2,0.5507246376811594,28
952,5,1632,0.5297953066824719,ManYes,Man,Yes,0,0,0.2,0.5120772946859903,29
953,5,43,0.5297953066824719,ManNo,Man,No,0,0,0.0,0.5296442687747035,30
954,5,61,0.5297953066824719,WomanNo,Woman,No,0,0,0.0,0.4980237154150198,31
955,5,1762,0.5297953066824719,ManYes,Man,Yes,0,0,0.6,0.5507246376811594,32
956,5,207,0.5297953066824719,ManYes,Man,Yes,0,0,0.2,0.5093167701863354,33
957,5,219,0.5297953066824719,WomanNo,Woman,No,0,0,0.0,0.5093167701863354,34
958,5,1344,0.5297953066824719,WomanNo,Woman,No,0,0,0.2,0.5093167701863354,35
959,5,234,0.5297953066824719,WomanNo,Woman,No,0,0,0.0,0.5080091533180778,36
960,5,1615,0.5297953066824719,WomanNo,Woman,No,0,0,0.0,0.5093167701863354,37
961,5,1363,0.46070811307259657,WomanNo,Woman,No,0,0,0.2,0.4579710144927536,38
962,5,1912,0.46070811307259657,WomanNo,Woman,No,0,0,0.0,0.4347826086956521,39
963,5,1587,0.46070811307259657,ManNo,Man,No,0,0,0.4,0.4725897920604914,40
964,5,1600,0.46070811307259657,ManNo,Man,No,0,0,0.2,0.4684431977559607,41
965,5,1856,0.46070811307259657,ManNo,Man,No,0,0,0.4,0.4347826086956521,42
966,5,1833,0.46070811307259657,ManNo,Man,No,0,0,0.4,0.4904347826086956,43
967,5,1806,0.46070811307259657,ManNo,Man,No,0,0,0.2,0.4927536231884057,44
968,5,1793,0.46070811307259657,WomanNo,Woman,No,0,0,0.2,0.495274102079395,45
969,5,1787,0.46070811307259657,ManNo,Man,No,0,0,0.2,0.4347826086956521,46
970,5,1777,0.46070811307259657,WomanNo,Woman,No,0,0,0.4,0.4608695652173913,47
971,5,1610,0.46070811307259657,WomanNo,Woman,No,0,0,0.0,0.4844720496894409,48
972,5,1392,0.46070811307259657,ManNo,Man,No,0,0,0.2,0.4347826086956521,49
973,5,1367,0.46070811307259657,ManYes,Man,Yes,0,0,0.2,0.4579710144927536,50
974,5,1372,0.46070811307259657,WomanNo,Woman,No,0,0,0.2,0.4347826086956521,51
975,5,1714,0.46070811307259657,ManNo,Man,No,0,0,0.2,0.4734299516908212,52
976,5,1503,0.46070811307259657,ManNo,Man,No,0,0,0.4,0.4688832054560954,53
977,5,1674,0.46070811307259657,WomanNo,Woman,No,0,0,0.2,0.4347826086956521,54
978,5,1649,0.46070811307259657,ManNo,Man,No,0,0,0.0,0.4757033248081841,55
979,5,1635,0.46070811307259657,ManNo,Man,No,0,0,0.2,0.4347826086956521,56
980,5,1388,0.46070811307259657,WomanNo,Woman,No,0,0,0.4,0.4805491990846682,57
981,5,1419,0.46070811307259657,ManNo,Man,No,0,0,0.4,0.4615384615384615,58
982,5,1568,0.46070811307259657,ManNo,Man,No,0,0,0.2,0.4859335038363171,59
983,5,10,0.46070811307259657,WomanNo,Woman,No,0,0,0.0,0.4927536231884057,60
984,5,1331,0.46070811307259657,WomanYes,Woman,Yes,0,0,0.2,0.481159420289855,61
985,5,879,0.46070811307259657,ManNo,Man,No,0,0,0.2,0.486586493987049,62
986,5,63,0.46070811307259657,ManNo,Man,No,0,0,0.0,0.4347826086956521,63
987,5,79,0.46070811307259657,WomanNo,Woman,No,0,0,0.0,0.3478260869565217,64
988,5,159,0.46070811307259657,WomanYes,Woman,Yes,0,0,0.0,0.3478260869565217,65
989,5,1309,0.46070811307259657,WomanYes,Woman,Yes,0,0,0.0,0.4347826086956521,66
990,5,733,0.46070811307259657,WomanNo,Woman,No,0,0,0.0,0.463768115942029,67
991,5,772,0.46070811307259657,ManNo,Man,No,0,0,0.2,0.4782608695652174,68
992,5,828,0.46070811307259657,ManYes,Man,Yes,0,0,0.2,0.4927536231884057,69
993,5,224,0.46070811307259657,ManNo,Man,No,0,0,0.0,0.4782608695652174,70
994,5,911,0.46070811307259657,ManNo,Man,No,0,0,0.2,0.4856839872746553,71
995,5,1130,0.46070811307259657,ManYes,Man,Yes,0,0,0.2,0.4684431977559607,72
996,5,1214,0.46070811307259657,WomanNo,Woman,No,0,0,0.2,0.4347826086956521,73
997,5,953,0.46070811307259657,ManNo,Man,No,0,0,0.2,0.4521739130434782,74
998,5,1921,0.46070811307259657,WomanNo,Woman,No,0,0,0.2,0.4347826086956521,75
999,5,1052,0.46070811307259657,ManNo,Man,No,0,0,0.2,0.4671385237613751,76
1000,5,152,0.09766523331740719,ManNo,Man,No,0,0,0.0,0.0948616600790513,77
1001,5,24,0.09766523331740719,WomanNo,Woman,No,0,0,0.0,0.0802675585284281,78
1002,5,178,0.09766523331740719,WomanNo,Woman,No,0,0,0.0,0.0869565217391304,79
1003,5,177,0.09766523331740719,WomanYes,Woman,Yes,0,0,0.0,0.091533180778032,80
1004,5,86,0.09766523331740719,WomanNo,Woman,No,0,0,0.0,0.1159420289855072,81
1005,5,241,0.05109043414160322,ManNo,Man,No,0,0,0.0,0.0695652173913043,82
1006,5,1893,0.05109043414160322,WomanNo,Woman,No,0,0,0.2,0.0316205533596837,83
1007,5,18,0.05109043414160322,WomanNo,Woman,No,0,0,0.0,0.0496894409937888,84
1008,5,74,0.05109043414160322,ManNo,Man,No,0,0,0.2,0.0316205533596837,85
1009,5,114,0.05109043414160322,ManNo,Man,No,0,0,0.0,0.0579710144927536,86
1010,5,248,0.05109043414160322,WomanNo,Woman,No,0,0,0.0,0.0424178154825026,87
1011,5,300,0.05109043414160322,WomanNo,Woman,No,0,0,0.0,0.0695652173913043,88
1012,5,237,0.05109043414160322,ManNo,Man,No,0,0,0.0,0.038647342995169,89
1013,5,238,0.05109043414160322,WomanNo,Woman,No,0,0,0.0,0.0695652173913043,90
1014,5,122,0.05109043414160322,WomanNo,Woman,No,0,0,0.0,0.0302457466918714,91
1015,5,141,0.007808566925692021,ManNo,Man,No,0,0,0.0,0.0,92
1016,5,105,0.007808566925692021,WomanNo,Woman,No,0,0,0.0,0.0183066361556064,93
1017,5,1144,0.007808566925692021,WomanNo,Woman,No,0,0,0.2,0.0,94
1018,5,1668,0.007808566925692021,ManNo,Man,No,0,0,0.2,0.0267558528428093,95
1019,5,68,0.007808566925692021,ManNo,Man,No,0,0,0.0,0.0,96
1020,5,292,0.007808566925692021,ManYes,Man,Yes,0,0,0.0,0.0248447204968944,97
1021,5,54,0.007808566925692021,WomanNo,Woman,No,0,0,0.0,0.0,98
